date,district,n_battles,n_explosions,n_protests,n_riots,n_strategicdev,n_violcivilians,n_conflict_total
2019-01-01,Adan Yabaal,1.0,,,,2.0,,3.0
2019-04-01,Adan Yabaal,1.0,,,,,2.0,3.0
2019-05-01,Adan Yabaal,1.0,,,,1.0,,2.0
2019-06-01,Adan Yabaal,1.0,,,,,,1.0
2019-07-01,Adan Yabaal,,,,,,3.0,3.0
2019-08-01,Adan Yabaal,4.0,2.0,,,,,6.0
2019-09-01,Adan Yabaal,2.0,,,,,1.0,3.0
2019-11-01,Adan Yabaal,,2.0,,,,,2.0
2020-01-01,Adan Yabaal,,1.0,,,,,1.0
2020-02-01,Adan Yabaal,1.0,,,,,,1.0
2020-04-01,Adan Yabaal,,1.0,,,,,1.0
2020-05-01,Adan Yabaal,,,,,,1.0,1.0
2020-06-01,Adan Yabaal,,,,,,1.0,1.0
2020-07-01,Adan Yabaal,,1.0,,,,,1.0
2020-09-01,Adan Yabaal,,,,,1.0,1.0,2.0
2020-12-01,Adan Yabaal,,,,,,1.0,1.0
2016-10-01,Afgooye,13.0,2.0,,,2.0,7.0,24.0
2016-11-01,Afgooye,11.0,4.0,,,1.0,5.0,21.0
2016-12-01,Afgooye,11.0,8.0,,,1.0,3.0,23.0
2017-01-01,Afgooye,10.0,6.0,,,,6.0,22.0
2017-02-01,Afgooye,10.0,3.0,,,,2.0,15.0
2017-03-01,Afgooye,4.0,1.0,,,,4.0,9.0
2017-04-01,Afgooye,9.0,7.0,,,1.0,2.0,19.0
2017-05-01,Afgooye,13.0,3.0,,,1.0,4.0,21.0
2017-06-01,Afgooye,8.0,12.0,,,1.0,4.0,25.0
2017-07-01,Afgooye,11.0,8.0,,1.0,1.0,3.0,24.0
2017-08-01,Afgooye,9.0,7.0,1.0,,2.0,8.0,27.0
2017-09-01,Afgooye,6.0,13.0,2.0,,3.0,4.0,28.0
2017-10-01,Afgooye,28.0,7.0,,,4.0,2.0,41.0
2017-11-01,Afgooye,11.0,6.0,,,3.0,2.0,22.0
2017-12-01,Afgooye,10.0,3.0,,1.0,,4.0,18.0
2018-01-01,Afgooye,10.0,2.0,,,,5.0,17.0
2018-02-01,Afgooye,17.0,9.0,1.0,,2.0,3.0,32.0
2018-03-01,Afgooye,9.0,5.0,,,1.0,3.0,18.0
2018-04-01,Afgooye,6.0,5.0,,,,2.0,13.0
2018-05-01,Afgooye,4.0,9.0,,,,1.0,14.0
2018-06-01,Afgooye,13.0,3.0,,,,2.0,18.0
2018-07-01,Afgooye,8.0,6.0,,,,3.0,17.0
2018-08-01,Afgooye,11.0,6.0,,,,1.0,18.0
2018-09-01,Afgooye,8.0,6.0,,,,2.0,16.0
2018-10-01,Afgooye,11.0,4.0,,1.0,,4.0,20.0
2018-11-01,Afgooye,5.0,3.0,,,1.0,5.0,14.0
2018-12-01,Afgooye,6.0,4.0,,,3.0,2.0,15.0
2019-01-01,Afgooye,10.0,1.0,,,4.0,1.0,16.0
2019-02-01,Afgooye,9.0,2.0,,,1.0,2.0,14.0
2019-03-01,Afgooye,6.0,1.0,,,2.0,2.0,11.0
2019-04-01,Afgooye,6.0,,,,,3.0,9.0
2019-05-01,Afgooye,15.0,8.0,,,,3.0,26.0
2019-06-01,Afgooye,8.0,2.0,,,2.0,4.0,16.0
2019-07-01,Afgooye,15.0,6.0,,1.0,,3.0,25.0
2019-08-01,Afgooye,21.0,5.0,,,1.0,3.0,30.0
2019-09-01,Afgooye,7.0,3.0,,,,1.0,11.0
2019-10-01,Afgooye,7.0,6.0,,,1.0,5.0,19.0
2019-11-01,Afgooye,8.0,9.0,,,,6.0,23.0
2019-12-01,Afgooye,19.0,2.0,,,,4.0,25.0
2020-01-01,Afgooye,14.0,3.0,,,1.0,3.0,21.0
2020-02-01,Afgooye,13.0,5.0,,,,5.0,23.0
2020-03-01,Afgooye,19.0,5.0,,,1.0,1.0,26.0
2020-04-01,Afgooye,8.0,6.0,1.0,,,2.0,17.0
2020-05-01,Afgooye,22.0,5.0,,,,5.0,32.0
2020-06-01,Afgooye,8.0,1.0,,,1.0,2.0,12.0
2020-07-01,Afgooye,6.0,2.0,1.0,,,,9.0
2020-08-01,Afgooye,18.0,4.0,,,1.0,,23.0
2020-09-01,Afgooye,28.0,5.0,,,,3.0,36.0
2020-10-01,Afgooye,19.0,5.0,1.0,,,4.0,29.0
2020-11-01,Afgooye,21.0,4.0,,,,1.0,26.0
2020-12-01,Afgooye,31.0,1.0,,,,1.0,33.0
2021-01-01,Afgooye,29.0,5.0,,,,1.0,35.0
2021-02-01,Afgooye,29.0,2.0,,,,4.0,35.0
2021-03-01,Afgooye,16.0,3.0,,,1.0,1.0,21.0
2021-04-01,Afgooye,21.0,3.0,,,,1.0,25.0
2021-05-01,Afgooye,24.0,2.0,,,,1.0,27.0
2021-06-01,Afgooye,22.0,3.0,,,,1.0,26.0
2021-07-01,Afgooye,16.0,4.0,,,1.0,4.0,25.0
2021-08-01,Afgooye,20.0,1.0,,,,1.0,22.0
2021-09-01,Afgooye,21.0,5.0,,,,1.0,27.0
2021-10-01,Afgooye,8.0,1.0,,,,,9.0
2016-10-01,Afmadow,4.0,,,,3.0,1.0,8.0
2016-11-01,Afmadow,1.0,,,,,,1.0
2016-12-01,Afmadow,2.0,2.0,,,,,4.0
2017-02-01,Afmadow,2.0,3.0,,,,1.0,6.0
2017-03-01,Afmadow,2.0,,,,,,2.0
2017-04-01,Afmadow,,,,,2.0,,2.0
2017-06-01,Afmadow,3.0,3.0,1.0,,,2.0,9.0
2017-07-01,Afmadow,4.0,,,,,1.0,5.0
2017-08-01,Afmadow,3.0,1.0,,,,,4.0
2017-09-01,Afmadow,1.0,2.0,,,2.0,2.0,7.0
2017-10-01,Afmadow,1.0,,,,,2.0,3.0
2017-11-01,Afmadow,3.0,,,,,,3.0
2017-12-01,Afmadow,2.0,,,,,,2.0
2018-01-01,Afmadow,3.0,3.0,,,,,6.0
2018-02-01,Afmadow,2.0,1.0,,,1.0,,4.0
2018-03-01,Afmadow,2.0,,,,,1.0,3.0
2018-04-01,Afmadow,6.0,4.0,,,,,10.0
2018-05-01,Afmadow,5.0,4.0,,,2.0,1.0,12.0
2018-07-01,Afmadow,1.0,,,,,,1.0
2018-08-01,Afmadow,,,2.0,,,,2.0
2018-09-01,Afmadow,1.0,2.0,,,,,3.0
2018-10-01,Afmadow,1.0,,,,,1.0,2.0
2018-11-01,Afmadow,1.0,,,,,,1.0
2018-12-01,Afmadow,,1.0,,,3.0,1.0,5.0
2019-01-01,Afmadow,6.0,5.0,,,4.0,2.0,17.0
2019-02-01,Afmadow,2.0,3.0,,,1.0,2.0,8.0
2019-03-01,Afmadow,4.0,2.0,,,,,6.0
2019-04-01,Afmadow,,3.0,,,,,3.0
2019-05-01,Afmadow,5.0,1.0,,,,,6.0
2019-06-01,Afmadow,1.0,2.0,,,,,3.0
2019-07-01,Afmadow,3.0,1.0,,,,1.0,5.0
2019-08-01,Afmadow,,1.0,1.0,,,,2.0
2019-09-01,Afmadow,1.0,1.0,1.0,,1.0,3.0,7.0
2019-10-01,Afmadow,3.0,1.0,,,,,4.0
2019-11-01,Afmadow,6.0,1.0,,,,2.0,9.0
2019-12-01,Afmadow,4.0,,,,,1.0,5.0
2020-01-01,Afmadow,4.0,1.0,,,,,5.0
2020-02-01,Afmadow,3.0,2.0,,,,,5.0
2020-03-01,Afmadow,5.0,1.0,,,,1.0,7.0
2020-04-01,Afmadow,1.0,,,,,,1.0
2020-05-01,Afmadow,4.0,,,,,,4.0
2020-06-01,Afmadow,5.0,2.0,,,1.0,3.0,11.0
2020-07-01,Afmadow,3.0,1.0,,,,,4.0
2020-08-01,Afmadow,9.0,1.0,,,,5.0,15.0
2020-09-01,Afmadow,6.0,5.0,,,1.0,,12.0
2020-10-01,Afmadow,6.0,,,,,,6.0
2020-11-01,Afmadow,9.0,,,,,,9.0
2020-12-01,Afmadow,7.0,1.0,,,,,8.0
2021-01-01,Afmadow,2.0,2.0,,,,,4.0
2021-02-01,Afmadow,7.0,1.0,,,,2.0,10.0
2021-03-01,Afmadow,4.0,,,,,2.0,6.0
2021-04-01,Afmadow,4.0,1.0,,,,,5.0
2021-05-01,Afmadow,4.0,2.0,,,,1.0,7.0
2021-06-01,Afmadow,4.0,,,,,,4.0
2021-07-01,Afmadow,4.0,,,,,2.0,6.0
2021-08-01,Afmadow,5.0,,,,,1.0,6.0
2021-09-01,Afmadow,2.0,,,,,,2.0
2021-10-01,Afmadow,2.0,,,,,,2.0
2016-10-01,Baardheere,5.0,2.0,,,,1.0,8.0
2016-12-01,Baardheere,,1.0,,,,1.0,2.0
2017-01-01,Baardheere,2.0,1.0,,,,1.0,4.0
2017-03-01,Baardheere,1.0,1.0,,,,1.0,3.0
2017-04-01,Baardheere,2.0,4.0,,,1.0,,7.0
2017-05-01,Baardheere,4.0,1.0,,,,,5.0
2017-06-01,Baardheere,9.0,6.0,,,,,15.0
2017-07-01,Baardheere,4.0,4.0,,,1.0,1.0,10.0
2017-08-01,Baardheere,1.0,2.0,,,1.0,1.0,5.0
2017-09-01,Baardheere,1.0,4.0,,,3.0,,8.0
2017-10-01,Baardheere,1.0,,,,,,1.0
2017-11-01,Baardheere,,1.0,,,,,1.0
2017-12-01,Baardheere,,1.0,,,1.0,1.0,3.0
2018-02-01,Baardheere,4.0,1.0,,,1.0,,6.0
2018-03-01,Baardheere,2.0,1.0,,,,,3.0
2018-04-01,Baardheere,,1.0,,,,,1.0
2018-06-01,Baardheere,2.0,1.0,,,,1.0,4.0
2018-07-01,Baardheere,1.0,2.0,,,1.0,1.0,5.0
2018-08-01,Baardheere,2.0,,,,,,2.0
2018-09-01,Baardheere,,2.0,,,,1.0,3.0
2018-10-01,Baardheere,1.0,1.0,1.0,,,2.0,5.0
2018-11-01,Baardheere,1.0,,1.0,,,,2.0
2018-12-01,Baardheere,,1.0,,,,,1.0
2019-01-01,Baardheere,,,,,,1.0,1.0
2019-02-01,Baardheere,2.0,3.0,1.0,,,,6.0
2019-03-01,Baardheere,,,,,1.0,,1.0
2019-04-01,Baardheere,1.0,1.0,1.0,,1.0,,4.0
2019-05-01,Baardheere,1.0,,,,,,1.0
2019-06-01,Baardheere,4.0,,,,,,4.0
2019-07-01,Baardheere,,3.0,,,,,3.0
2019-08-01,Baardheere,2.0,,,,1.0,,3.0
2019-09-01,Baardheere,1.0,,,,,,1.0
2019-10-01,Baardheere,1.0,,,1.0,,,2.0
2019-11-01,Baardheere,2.0,,,,1.0,,3.0
2019-12-01,Baardheere,2.0,,,,,,2.0
2020-01-01,Baardheere,2.0,,,,,,2.0
2020-02-01,Baardheere,1.0,,,,,1.0,2.0
2020-03-01,Baardheere,2.0,,,,,,2.0
2020-05-01,Baardheere,1.0,3.0,,,,,4.0
2020-06-01,Baardheere,1.0,,,,,,1.0
2020-08-01,Baardheere,1.0,,,,,,1.0
2020-09-01,Baardheere,1.0,1.0,1.0,,,1.0,4.0
2020-10-01,Baardheere,3.0,2.0,,,,,5.0
2020-11-01,Baardheere,1.0,,1.0,,,2.0,4.0
2020-12-01,Baardheere,2.0,1.0,,,,,3.0
2021-01-01,Baardheere,1.0,1.0,,,,,2.0
2021-02-01,Baardheere,,3.0,1.0,,,,4.0
2021-03-01,Baardheere,,1.0,,,,,1.0
2021-06-01,Baardheere,2.0,,,,,,2.0
2021-07-01,Baardheere,3.0,1.0,,,,,4.0
2021-08-01,Baardheere,3.0,,,,,1.0,4.0
2021-09-01,Baardheere,3.0,1.0,,,,,4.0
2021-10-01,Baardheere,,1.0,,,,,1.0
2016-11-01,Badhaadhe,1.0,,,,,,1.0
2017-01-01,Badhaadhe,3.0,1.0,,,,,4.0
2017-03-01,Badhaadhe,3.0,1.0,,,,,4.0
2017-04-01,Badhaadhe,4.0,1.0,,,,,5.0
2017-05-01,Badhaadhe,3.0,,,,,,3.0
2017-06-01,Badhaadhe,3.0,,,,,,3.0
2017-07-01,Badhaadhe,2.0,3.0,,,,1.0,6.0
2017-08-01,Badhaadhe,,1.0,,,,,1.0
2017-09-01,Badhaadhe,,2.0,,,,,2.0
2017-10-01,Badhaadhe,,2.0,,,,1.0,3.0
2017-11-01,Badhaadhe,2.0,1.0,,,,,3.0
2018-01-01,Badhaadhe,1.0,2.0,1.0,,1.0,,5.0
2018-02-01,Badhaadhe,1.0,,,,,,1.0
2018-03-01,Badhaadhe,1.0,1.0,,,,,2.0
2018-04-01,Badhaadhe,,,,,1.0,,1.0
2018-06-01,Badhaadhe,3.0,,,,,1.0,4.0
2018-07-01,Badhaadhe,2.0,,,,,,2.0
2018-08-01,Badhaadhe,1.0,,,,,,1.0
2018-10-01,Badhaadhe,1.0,1.0,,,,,2.0
2019-01-01,Badhaadhe,,1.0,,,,,1.0
2019-02-01,Badhaadhe,2.0,,,,,,2.0
2019-04-01,Badhaadhe,,1.0,,,,,1.0
2019-05-01,Badhaadhe,1.0,,,,,,1.0
2019-06-01,Badhaadhe,1.0,3.0,,,,,4.0
2019-07-01,Badhaadhe,3.0,,,,,2.0,5.0
2019-09-01,Badhaadhe,,1.0,,,,,1.0
2019-10-01,Badhaadhe,2.0,1.0,,,1.0,1.0,5.0
2019-12-01,Badhaadhe,2.0,1.0,,,,,3.0
2020-01-01,Badhaadhe,1.0,,,,,,1.0
2020-02-01,Badhaadhe,,1.0,,,,,1.0
2020-03-01,Badhaadhe,1.0,1.0,,,,2.0,4.0
2020-04-01,Badhaadhe,6.0,,,,,,6.0
2020-05-01,Badhaadhe,1.0,,,,,1.0,2.0
2020-06-01,Badhaadhe,3.0,1.0,,,,,4.0
2020-07-01,Badhaadhe,5.0,,,,,,5.0
2020-08-01,Badhaadhe,1.0,1.0,,,,,2.0
2020-09-01,Badhaadhe,7.0,,,,,,7.0
2020-10-01,Badhaadhe,3.0,1.0,,,,,4.0
2020-11-01,Badhaadhe,4.0,,,,,,4.0
2020-12-01,Badhaadhe,5.0,,,,,,5.0
2021-01-01,Badhaadhe,6.0,2.0,,,,,8.0
2021-02-01,Badhaadhe,3.0,1.0,,,,,4.0
2021-03-01,Badhaadhe,1.0,,,,,1.0,2.0
2021-04-01,Badhaadhe,2.0,,,,,,2.0
2021-05-01,Badhaadhe,3.0,1.0,,,,,4.0
2021-06-01,Badhaadhe,4.0,1.0,,,,1.0,6.0
2021-07-01,Badhaadhe,7.0,2.0,,,,,9.0
2021-08-01,Badhaadhe,6.0,3.0,,,,,9.0
2021-09-01,Badhaadhe,9.0,1.0,,,,,10.0
2021-10-01,Badhaadhe,3.0,,,,,,3.0
2018-05-01,Baki,,,1.0,,,,1.0
2019-10-01,Baki,1.0,,,,,,1.0
2020-08-01,Baki,,,1.0,,,,1.0
2016-12-01,Balcad,3.0,,,,3.0,1.0,7.0
2017-01-01,Balcad,2.0,,,,,,2.0
2017-02-01,Balcad,3.0,,,,,1.0,4.0
2017-04-01,Balcad,2.0,,,,,,2.0
2017-06-01,Balcad,3.0,3.0,,,,2.0,8.0
2017-07-01,Balcad,2.0,,,,,,2.0
2017-08-01,Balcad,1.0,1.0,,,,,2.0
2017-09-01,Balcad,2.0,,,,,,2.0
2017-10-01,Balcad,2.0,4.0,,,,,6.0
2017-11-01,Balcad,2.0,1.0,,,3.0,,6.0
2017-12-01,Balcad,2.0,,,,1.0,,3.0
2018-01-01,Balcad,9.0,,,,,1.0,10.0
2018-02-01,Balcad,1.0,5.0,,,,,6.0
2018-03-01,Balcad,7.0,,,,1.0,1.0,9.0
2018-04-01,Balcad,4.0,,,,2.0,,6.0
2018-05-01,Balcad,2.0,,,,,,2.0
2018-06-01,Balcad,5.0,3.0,,,,2.0,10.0
2018-07-01,Balcad,6.0,1.0,,,1.0,1.0,9.0
2018-08-01,Balcad,7.0,5.0,,,,,12.0
2018-09-01,Balcad,2.0,,,,3.0,,5.0
2018-10-01,Balcad,1.0,1.0,,,,1.0,3.0
2018-11-01,Balcad,1.0,,,,,2.0,3.0
2018-12-01,Balcad,4.0,1.0,,,,,5.0
2019-01-01,Balcad,1.0,1.0,,,,,2.0
2019-02-01,Balcad,6.0,7.0,,,,1.0,14.0
2019-03-01,Balcad,4.0,3.0,,,2.0,2.0,11.0
2019-04-01,Balcad,2.0,3.0,,,,4.0,9.0
2019-05-01,Balcad,3.0,3.0,,,1.0,,7.0
2019-06-01,Balcad,3.0,3.0,1.0,,1.0,,8.0
2019-07-01,Balcad,5.0,4.0,,,1.0,4.0,14.0
2019-08-01,Balcad,6.0,5.0,1.0,,2.0,3.0,17.0
2019-09-01,Balcad,9.0,10.0,1.0,,1.0,5.0,26.0
2019-10-01,Balcad,1.0,4.0,,,3.0,,8.0
2019-11-01,Balcad,2.0,,,,1.0,4.0,7.0
2019-12-01,Balcad,6.0,1.0,,,1.0,1.0,9.0
2020-01-01,Balcad,1.0,4.0,,,,,5.0
2020-02-01,Balcad,3.0,2.0,,,,1.0,6.0
2020-03-01,Balcad,2.0,1.0,,,,2.0,5.0
2020-04-01,Balcad,2.0,2.0,,,,1.0,5.0
2020-05-01,Balcad,5.0,2.0,1.0,,,4.0,12.0
2020-06-01,Balcad,6.0,2.0,,,,,8.0
2020-07-01,Balcad,4.0,1.0,,,,1.0,6.0
2020-08-01,Balcad,5.0,1.0,,,,2.0,8.0
2020-09-01,Balcad,1.0,2.0,,,,1.0,4.0
2020-10-01,Balcad,4.0,1.0,,,,1.0,6.0
2020-11-01,Balcad,1.0,,,,,3.0,4.0
2020-12-01,Balcad,1.0,1.0,,,,,2.0
2021-01-01,Balcad,5.0,3.0,,,,,8.0
2021-02-01,Balcad,6.0,,,,,1.0,7.0
2021-03-01,Balcad,2.0,3.0,,,,,5.0
2021-04-01,Balcad,6.0,3.0,,,1.0,,10.0
2021-05-01,Balcad,2.0,1.0,,,,2.0,5.0
2021-06-01,Balcad,3.0,1.0,,,1.0,,5.0
2021-07-01,Balcad,5.0,,1.0,,,2.0,8.0
2021-08-01,Balcad,3.0,,,,,,3.0
2021-09-01,Balcad,2.0,,,,,,2.0
2021-10-01,Balcad,,,1.0,,,,1.0
2016-10-01,Banadir,11.0,13.0,,,2.0,10.0,36.0
2016-11-01,Banadir,15.0,7.0,,,2.0,11.0,35.0
2016-12-01,Banadir,14.0,14.0,,1.0,5.0,17.0,51.0
2017-01-01,Banadir,9.0,16.0,,,2.0,14.0,41.0
2017-02-01,Banadir,13.0,13.0,4.0,1.0,1.0,22.0,54.0
2017-03-01,Banadir,23.0,24.0,1.0,3.0,2.0,26.0,79.0
2017-04-01,Banadir,22.0,27.0,1.0,,,25.0,75.0
2017-05-01,Banadir,15.0,9.0,,1.0,3.0,20.0,48.0
2017-06-01,Banadir,15.0,16.0,,,7.0,18.0,56.0
2017-07-01,Banadir,16.0,22.0,1.0,2.0,2.0,11.0,54.0
2017-08-01,Banadir,7.0,15.0,2.0,1.0,4.0,20.0,49.0
2017-09-01,Banadir,22.0,18.0,6.0,1.0,1.0,25.0,73.0
2017-10-01,Banadir,19.0,20.0,6.0,2.0,4.0,23.0,74.0
2017-11-01,Banadir,19.0,10.0,,,2.0,13.0,44.0
2017-12-01,Banadir,13.0,14.0,1.0,,3.0,11.0,42.0
2018-01-01,Banadir,29.0,13.0,3.0,,1.0,8.0,54.0
2018-02-01,Banadir,33.0,12.0,1.0,,3.0,17.0,66.0
2018-03-01,Banadir,27.0,20.0,1.0,,2.0,14.0,64.0
2018-04-01,Banadir,28.0,20.0,,,2.0,13.0,63.0
2018-05-01,Banadir,44.0,16.0,,,2.0,23.0,85.0
2018-06-01,Banadir,27.0,15.0,2.0,,1.0,33.0,78.0
2018-07-01,Banadir,35.0,20.0,2.0,,1.0,26.0,84.0
2018-08-01,Banadir,27.0,16.0,2.0,1.0,,17.0,63.0
2018-09-01,Banadir,21.0,15.0,2.0,1.0,,20.0,59.0
2018-10-01,Banadir,15.0,8.0,1.0,1.0,2.0,14.0,41.0
2018-11-01,Banadir,22.0,17.0,,2.0,4.0,20.0,65.0
2018-12-01,Banadir,19.0,14.0,2.0,1.0,5.0,17.0,58.0
2019-01-01,Banadir,23.0,12.0,,1.0,,16.0,52.0
2019-02-01,Banadir,17.0,13.0,,,4.0,23.0,57.0
2019-03-01,Banadir,29.0,23.0,1.0,,5.0,14.0,72.0
2019-04-01,Banadir,19.0,21.0,3.0,1.0,2.0,11.0,57.0
2019-05-01,Banadir,33.0,17.0,3.0,,,29.0,82.0
2019-06-01,Banadir,23.0,8.0,,,1.0,16.0,48.0
2019-07-01,Banadir,27.0,15.0,,,3.0,10.0,55.0
2019-08-01,Banadir,27.0,10.0,1.0,,,7.0,45.0
2019-09-01,Banadir,18.0,12.0,1.0,,3.0,6.0,40.0
2019-10-01,Banadir,12.0,10.0,2.0,,,11.0,35.0
2019-11-01,Banadir,24.0,10.0,3.0,,,15.0,52.0
2019-12-01,Banadir,20.0,4.0,,,1.0,9.0,34.0
2020-01-01,Banadir,26.0,5.0,1.0,1.0,3.0,11.0,47.0
2020-02-01,Banadir,20.0,12.0,,,,9.0,41.0
2020-03-01,Banadir,29.0,16.0,2.0,,2.0,5.0,54.0
2020-04-01,Banadir,25.0,15.0,4.0,1.0,1.0,13.0,59.0
2020-05-01,Banadir,24.0,15.0,1.0,1.0,,20.0,61.0
2020-06-01,Banadir,18.0,9.0,1.0,1.0,2.0,13.0,44.0
2020-07-01,Banadir,11.0,10.0,2.0,,,11.0,34.0
2020-08-01,Banadir,13.0,15.0,3.0,1.0,2.0,6.0,40.0
2020-09-01,Banadir,14.0,15.0,1.0,1.0,1.0,8.0,40.0
2020-10-01,Banadir,13.0,3.0,3.0,1.0,,8.0,28.0
2020-11-01,Banadir,14.0,10.0,1.0,,,6.0,31.0
2020-12-01,Banadir,31.0,9.0,3.0,1.0,,7.0,51.0
2021-01-01,Banadir,29.0,11.0,3.0,,,6.0,49.0
2021-02-01,Banadir,21.0,8.0,1.0,,1.0,9.0,40.0
2021-03-01,Banadir,23.0,16.0,,,,3.0,42.0
2021-04-01,Banadir,26.0,12.0,5.0,,1.0,14.0,58.0
2021-05-01,Banadir,17.0,5.0,2.0,,,9.0,33.0
2021-06-01,Banadir,26.0,7.0,5.0,,,10.0,48.0
2021-07-01,Banadir,21.0,10.0,1.0,,,8.0,40.0
2021-08-01,Banadir,33.0,3.0,1.0,,,8.0,45.0
2021-09-01,Banadir,21.0,7.0,1.0,,,9.0,38.0
2021-10-01,Banadir,6.0,,,,,1.0,7.0
2018-03-01,Bandarbeyla,,,,,,2.0,2.0
2019-12-01,Bandarbeyla,,,,,,1.0,1.0
2016-10-01,Baraawe,,,,,,1.0,1.0
2016-11-01,Baraawe,2.0,,,,,1.0,3.0
2017-01-01,Baraawe,3.0,2.0,,,,4.0,9.0
2017-03-01,Baraawe,2.0,2.0,,,,,4.0
2017-04-01,Baraawe,,3.0,,,,2.0,5.0
2017-05-01,Baraawe,1.0,,,,,,1.0
2017-06-01,Baraawe,,1.0,,,,,1.0
2017-07-01,Baraawe,,,,,1.0,,1.0
2017-08-01,Baraawe,1.0,,,,,,1.0
2017-09-01,Baraawe,1.0,4.0,,,,,5.0
2017-10-01,Baraawe,1.0,1.0,,,1.0,,3.0
2017-11-01,Baraawe,3.0,1.0,,,1.0,,5.0
2017-12-01,Baraawe,,,,,,2.0,2.0
2018-01-01,Baraawe,,1.0,,,,1.0,2.0
2018-02-01,Baraawe,4.0,2.0,,,,2.0,8.0
2018-03-01,Baraawe,5.0,1.0,,,1.0,,7.0
2018-04-01,Baraawe,2.0,3.0,,,,,5.0
2018-05-01,Baraawe,3.0,1.0,,,1.0,,5.0
2018-06-01,Baraawe,2.0,2.0,,,,,4.0
2018-07-01,Baraawe,2.0,2.0,,,,,4.0
2018-08-01,Baraawe,2.0,1.0,,,,,3.0
2018-09-01,Baraawe,1.0,,,,,,1.0
2018-10-01,Baraawe,1.0,3.0,,,,,4.0
2019-02-01,Baraawe,1.0,,,,,,1.0
2019-05-01,Baraawe,,1.0,,,,,1.0
2019-06-01,Baraawe,4.0,,,,1.0,,5.0
2019-07-01,Baraawe,1.0,,,,,,1.0
2019-08-01,Baraawe,1.0,,,,,,1.0
2019-09-01,Baraawe,1.0,,,,,,1.0
2019-10-01,Baraawe,,1.0,,,,,1.0
2019-11-01,Baraawe,3.0,1.0,,,,,4.0
2019-12-01,Baraawe,5.0,3.0,,,,,8.0
2020-01-01,Baraawe,,1.0,,,,,1.0
2020-02-01,Baraawe,2.0,,,,,,2.0
2020-03-01,Baraawe,2.0,,,,,,2.0
2020-04-01,Baraawe,1.0,1.0,,,,,2.0
2020-05-01,Baraawe,1.0,2.0,,,,,3.0
2020-06-01,Baraawe,2.0,,,,,,2.0
2020-08-01,Baraawe,4.0,1.0,,,,,5.0
2020-09-01,Baraawe,3.0,1.0,,,,,4.0
2020-10-01,Baraawe,2.0,,,,,,2.0
2020-11-01,Baraawe,6.0,4.0,,,,,10.0
2020-12-01,Baraawe,5.0,2.0,,,,,7.0
2021-01-01,Baraawe,3.0,1.0,,,,,4.0
2021-02-01,Baraawe,6.0,,,,,,6.0
2021-03-01,Baraawe,3.0,,,,,,3.0
2021-04-01,Baraawe,5.0,,,,,1.0,6.0
2021-05-01,Baraawe,3.0,,,,,,3.0
2021-06-01,Baraawe,2.0,,,,,,2.0
2021-08-01,Baraawe,3.0,,,,,,3.0
2021-09-01,Baraawe,5.0,1.0,,,,,6.0
2021-10-01,Baraawe,1.0,,,,,,1.0
2016-10-01,Baydhaba,2.0,2.0,,1.0,2.0,,7.0
2016-11-01,Baydhaba,2.0,,,,4.0,2.0,8.0
2016-12-01,Baydhaba,4.0,5.0,,,1.0,3.0,13.0
2017-01-01,Baydhaba,5.0,2.0,,,1.0,1.0,9.0
2017-02-01,Baydhaba,6.0,,,,,2.0,8.0
2017-03-01,Baydhaba,3.0,5.0,,,2.0,2.0,12.0
2017-04-01,Baydhaba,4.0,8.0,,,3.0,1.0,16.0
2017-05-01,Baydhaba,6.0,2.0,,,4.0,1.0,13.0
2017-06-01,Baydhaba,2.0,,,1.0,3.0,1.0,7.0
2017-07-01,Baydhaba,4.0,7.0,,,,3.0,14.0
2017-08-01,Baydhaba,2.0,5.0,,,,2.0,9.0
2017-09-01,Baydhaba,3.0,3.0,,,4.0,2.0,12.0
2017-10-01,Baydhaba,4.0,5.0,1.0,,,1.0,11.0
2017-11-01,Baydhaba,3.0,1.0,,,2.0,,6.0
2017-12-01,Baydhaba,1.0,1.0,,,2.0,4.0,8.0
2018-01-01,Baydhaba,7.0,3.0,,,4.0,5.0,19.0
2018-02-01,Baydhaba,4.0,2.0,,,,,6.0
2018-03-01,Baydhaba,3.0,3.0,,,1.0,,7.0
2018-04-01,Baydhaba,3.0,2.0,,,1.0,1.0,7.0
2018-05-01,Baydhaba,5.0,2.0,,,,,7.0
2018-06-01,Baydhaba,7.0,3.0,,,,3.0,13.0
2018-07-01,Baydhaba,,6.0,,,,1.0,7.0
2018-08-01,Baydhaba,3.0,3.0,,,,2.0,8.0
2018-09-01,Baydhaba,6.0,2.0,,,,2.0,10.0
2018-10-01,Baydhaba,6.0,4.0,1.0,1.0,7.0,5.0,24.0
2018-11-01,Baydhaba,4.0,3.0,1.0,,,2.0,10.0
2018-12-01,Baydhaba,4.0,3.0,1.0,2.0,2.0,3.0,15.0
2019-01-01,Baydhaba,4.0,7.0,1.0,,1.0,1.0,14.0
2019-02-01,Baydhaba,3.0,2.0,,,1.0,1.0,7.0
2019-03-01,Baydhaba,1.0,4.0,,,,2.0,7.0
2019-04-01,Baydhaba,5.0,4.0,,,,1.0,10.0
2019-05-01,Baydhaba,9.0,2.0,,,,1.0,12.0
2019-06-01,Baydhaba,4.0,2.0,,,,2.0,8.0
2019-07-01,Baydhaba,4.0,1.0,,,1.0,,6.0
2019-08-01,Baydhaba,4.0,1.0,,,1.0,1.0,7.0
2019-09-01,Baydhaba,3.0,1.0,,,1.0,1.0,6.0
2019-10-01,Baydhaba,1.0,1.0,,,1.0,,3.0
2019-11-01,Baydhaba,,2.0,,,,3.0,5.0
2019-12-01,Baydhaba,5.0,3.0,,,1.0,,9.0
2020-01-01,Baydhaba,8.0,,,,1.0,,9.0
2020-02-01,Baydhaba,3.0,1.0,,,1.0,1.0,6.0
2020-03-01,Baydhaba,6.0,3.0,1.0,,,5.0,15.0
2020-04-01,Baydhaba,6.0,1.0,,,1.0,3.0,11.0
2020-05-01,Baydhaba,7.0,3.0,,,,3.0,13.0
2020-06-01,Baydhaba,4.0,3.0,,,,1.0,8.0
2020-07-01,Baydhaba,9.0,2.0,,,1.0,1.0,13.0
2020-08-01,Baydhaba,9.0,2.0,1.0,,4.0,1.0,17.0
2020-09-01,Baydhaba,2.0,4.0,,,,,6.0
2020-10-01,Baydhaba,5.0,5.0,,,1.0,2.0,13.0
2020-11-01,Baydhaba,12.0,2.0,,,,1.0,15.0
2020-12-01,Baydhaba,6.0,2.0,1.0,,1.0,1.0,11.0
2021-01-01,Baydhaba,4.0,2.0,,,,3.0,9.0
2021-02-01,Baydhaba,9.0,3.0,,,,2.0,14.0
2021-03-01,Baydhaba,5.0,3.0,,,,,8.0
2021-04-01,Baydhaba,6.0,8.0,,,1.0,,15.0
2021-05-01,Baydhaba,7.0,5.0,,,,1.0,13.0
2021-06-01,Baydhaba,5.0,4.0,,,,2.0,11.0
2021-07-01,Baydhaba,6.0,4.0,,,,,10.0
2021-08-01,Baydhaba,5.0,5.0,,,,2.0,12.0
2021-09-01,Baydhaba,6.0,,,,,3.0,9.0
2021-10-01,Baydhaba,1.0,1.0,,,,,2.0
2016-10-01,Belet Weyne,5.0,3.0,1.0,,1.0,6.0,16.0
2016-11-01,Belet Weyne,6.0,,,,1.0,4.0,11.0
2016-12-01,Belet Weyne,3.0,,,,,1.0,4.0
2017-01-01,Belet Weyne,4.0,4.0,,,,3.0,11.0
2017-02-01,Belet Weyne,2.0,5.0,1.0,,2.0,2.0,12.0
2017-03-01,Belet Weyne,1.0,1.0,,1.0,,2.0,5.0
2017-04-01,Belet Weyne,4.0,,1.0,,1.0,5.0,11.0
2017-05-01,Belet Weyne,6.0,1.0,,,2.0,5.0,14.0
2017-06-01,Belet Weyne,9.0,1.0,,,,1.0,11.0
2017-07-01,Belet Weyne,5.0,,2.0,,,6.0,13.0
2017-08-01,Belet Weyne,5.0,,1.0,,,4.0,10.0
2017-09-01,Belet Weyne,5.0,2.0,,,1.0,5.0,13.0
2017-10-01,Belet Weyne,5.0,2.0,1.0,,2.0,7.0,17.0
2017-11-01,Belet Weyne,3.0,1.0,1.0,,1.0,2.0,8.0
2017-12-01,Belet Weyne,7.0,2.0,,,2.0,2.0,13.0
2018-01-01,Belet Weyne,12.0,2.0,,,,4.0,18.0
2018-02-01,Belet Weyne,4.0,1.0,1.0,,2.0,4.0,12.0
2018-03-01,Belet Weyne,7.0,1.0,,,,2.0,10.0
2018-04-01,Belet Weyne,4.0,1.0,,,,3.0,8.0
2018-05-01,Belet Weyne,2.0,1.0,1.0,,,1.0,5.0
2018-06-01,Belet Weyne,1.0,1.0,,,,3.0,5.0
2018-07-01,Belet Weyne,6.0,1.0,,,,3.0,10.0
2018-08-01,Belet Weyne,3.0,,2.0,,,3.0,8.0
2018-09-01,Belet Weyne,5.0,1.0,,,,2.0,8.0
2018-10-01,Belet Weyne,1.0,2.0,,,,2.0,5.0
2018-11-01,Belet Weyne,2.0,,,1.0,,1.0,4.0
2018-12-01,Belet Weyne,2.0,2.0,,,1.0,2.0,7.0
2019-01-01,Belet Weyne,1.0,6.0,,,,,7.0
2019-02-01,Belet Weyne,2.0,5.0,1.0,1.0,,4.0,13.0
2019-03-01,Belet Weyne,3.0,4.0,,,,1.0,8.0
2019-04-01,Belet Weyne,1.0,1.0,,,,1.0,3.0
2019-05-01,Belet Weyne,3.0,,1.0,,,1.0,5.0
2019-06-01,Belet Weyne,5.0,3.0,1.0,1.0,2.0,2.0,14.0
2019-07-01,Belet Weyne,2.0,,,,1.0,3.0,6.0
2019-08-01,Belet Weyne,3.0,1.0,,,,1.0,5.0
2019-09-01,Belet Weyne,1.0,,,,,3.0,4.0
2019-10-01,Belet Weyne,3.0,,,,,1.0,4.0
2019-11-01,Belet Weyne,5.0,,,,1.0,2.0,8.0
2019-12-01,Belet Weyne,5.0,,,,,4.0,9.0
2020-01-01,Belet Weyne,4.0,,,,1.0,2.0,7.0
2020-02-01,Belet Weyne,5.0,2.0,,,,3.0,10.0
2020-03-01,Belet Weyne,3.0,1.0,,,2.0,1.0,7.0
2020-04-01,Belet Weyne,2.0,,,1.0,,1.0,4.0
2020-05-01,Belet Weyne,3.0,1.0,,,,1.0,5.0
2020-06-01,Belet Weyne,6.0,4.0,2.0,1.0,,8.0,21.0
2020-07-01,Belet Weyne,4.0,,1.0,,,4.0,9.0
2020-08-01,Belet Weyne,1.0,2.0,,,1.0,3.0,7.0
2020-09-01,Belet Weyne,4.0,3.0,,,,3.0,10.0
2020-10-01,Belet Weyne,4.0,1.0,2.0,,,,7.0
2020-11-01,Belet Weyne,6.0,3.0,1.0,1.0,,4.0,15.0
2020-12-01,Belet Weyne,9.0,1.0,3.0,,,1.0,14.0
2021-01-01,Belet Weyne,3.0,,,,,3.0,6.0
2021-02-01,Belet Weyne,6.0,1.0,1.0,,,1.0,9.0
2021-03-01,Belet Weyne,1.0,1.0,,,,,2.0
2021-04-01,Belet Weyne,3.0,,,,,4.0,7.0
2021-05-01,Belet Weyne,9.0,1.0,1.0,,,1.0,12.0
2021-06-01,Belet Weyne,2.0,2.0,,,,7.0,11.0
2021-07-01,Belet Weyne,7.0,1.0,,,1.0,,9.0
2021-08-01,Belet Weyne,3.0,1.0,1.0,,,6.0,11.0
2021-09-01,Belet Weyne,4.0,1.0,1.0,2.0,,5.0,13.0
2021-10-01,Belet Weyne,,,,,1.0,,1.0
2017-01-01,Belet Xaawo,2.0,2.0,,,,,4.0
2017-04-01,Belet Xaawo,,,,,1.0,1.0,2.0
2017-05-01,Belet Xaawo,1.0,,,,,,1.0
2017-06-01,Belet Xaawo,1.0,,,,,,1.0
2017-07-01,Belet Xaawo,1.0,,,,,1.0,2.0
2017-08-01,Belet Xaawo,1.0,,,,,,1.0
2017-09-01,Belet Xaawo,5.0,1.0,,,1.0,1.0,8.0
2017-12-01,Belet Xaawo,,,,1.0,,,1.0
2018-01-01,Belet Xaawo,,,,,1.0,,1.0
2018-03-01,Belet Xaawo,,,,1.0,,,1.0
2018-06-01,Belet Xaawo,,2.0,,,,,2.0
2018-07-01,Belet Xaawo,1.0,,,,,1.0,2.0
2018-08-01,Belet Xaawo,,1.0,,,,,1.0
2018-09-01,Belet Xaawo,1.0,,,,,,1.0
2018-10-01,Belet Xaawo,,1.0,,,,1.0,2.0
2018-11-01,Belet Xaawo,1.0,1.0,,,,2.0,4.0
2018-12-01,Belet Xaawo,1.0,,,,,1.0,2.0
2019-01-01,Belet Xaawo,1.0,,,,,,1.0
2019-03-01,Belet Xaawo,1.0,,,,,,1.0
2019-04-01,Belet Xaawo,1.0,,,,,2.0,3.0
2019-05-01,Belet Xaawo,1.0,,,,,,1.0
2019-06-01,Belet Xaawo,,1.0,,,,,1.0
2019-09-01,Belet Xaawo,,,1.0,,,1.0,2.0
2019-10-01,Belet Xaawo,,,,,,1.0,1.0
2019-11-01,Belet Xaawo,,,1.0,,,,1.0
2019-12-01,Belet Xaawo,1.0,,,,,,1.0
2020-02-01,Belet Xaawo,3.0,1.0,1.0,,1.0,1.0,7.0
2020-03-01,Belet Xaawo,2.0,,,,,,2.0
2020-04-01,Belet Xaawo,1.0,,,,,,1.0
2020-06-01,Belet Xaawo,1.0,,,,,1.0,2.0
2020-08-01,Belet Xaawo,,1.0,,,,1.0,2.0
2020-09-01,Belet Xaawo,6.0,,,,,,6.0
2020-10-01,Belet Xaawo,1.0,4.0,,,,,5.0
2020-11-01,Belet Xaawo,,,1.0,,,,1.0
2020-12-01,Belet Xaawo,,1.0,,,1.0,,2.0
2021-01-01,Belet Xaawo,2.0,,,,,1.0,3.0
2021-02-01,Belet Xaawo,1.0,,,,,,1.0
2021-03-01,Belet Xaawo,,,,,,1.0,1.0
2021-04-01,Belet Xaawo,1.0,,,,,1.0,2.0
2021-05-01,Belet Xaawo,1.0,,,,,,1.0
2021-06-01,Belet Xaawo,,,,,,1.0,1.0
2021-08-01,Belet Xaawo,1.0,,,,,,1.0
2021-09-01,Belet Xaawo,1.0,,,,,1.0,2.0
2016-12-01,Berbera,,,,2.0,,,2.0
2017-01-01,Berbera,,,,1.0,,,1.0
2017-03-01,Berbera,,,1.0,1.0,,,2.0
2017-04-01,Berbera,1.0,,2.0,,,,3.0
2017-05-01,Berbera,,,,1.0,,,1.0
2017-06-01,Berbera,,,,,,1.0,1.0
2017-09-01,Berbera,,,1.0,,,,1.0
2018-02-01,Berbera,,,2.0,,,,2.0
2018-03-01,Berbera,1.0,,1.0,,,,2.0
2018-04-01,Berbera,,,1.0,,,,1.0
2018-05-01,Berbera,,,1.0,,1.0,,2.0
2018-09-01,Berbera,,,1.0,,,,1.0
2018-10-01,Berbera,,,1.0,2.0,,,3.0
2018-11-01,Berbera,,,1.0,,,,1.0
2018-12-01,Berbera,,,1.0,,,,1.0
2019-01-01,Berbera,1.0,,,,,,1.0
2019-07-01,Berbera,,,,,,1.0,1.0
2019-08-01,Berbera,,,1.0,,,,1.0
2020-01-01,Berbera,,,1.0,,,,1.0
2020-07-01,Berbera,1.0,,,,,,1.0
2020-08-01,Berbera,,,1.0,,,,1.0
2020-10-01,Berbera,,,1.0,,,,1.0
2020-12-01,Berbera,,1.0,,,,,1.0
2021-09-01,Berbera,,,1.0,,,,1.0
2016-10-01,Borama,,,2.0,1.0,,,3.0
2016-11-01,Borama,,,,,1.0,,1.0
2016-12-01,Borama,,,2.0,1.0,,,3.0
2017-02-01,Borama,,,1.0,,,,1.0
2017-03-01,Borama,,,1.0,1.0,,,2.0
2017-04-01,Borama,,,1.0,,,,1.0
2017-07-01,Borama,,,,1.0,,,1.0
2017-09-01,Borama,2.0,,1.0,3.0,,,6.0
2017-10-01,Borama,,,,1.0,,,1.0
2017-11-01,Borama,,,2.0,1.0,,,3.0
2018-01-01,Borama,,,2.0,1.0,,,3.0
2018-02-01,Borama,,,2.0,,,,2.0
2018-03-01,Borama,,,1.0,,,,1.0
2018-04-01,Borama,,,3.0,,,,3.0
2018-06-01,Borama,,,,1.0,,,1.0
2019-01-01,Borama,,,1.0,,,,1.0
2019-07-01,Borama,1.0,,1.0,,,,2.0
2019-09-01,Borama,1.0,,,,,,1.0
2019-10-01,Borama,1.0,,,,,,1.0
2019-11-01,Borama,2.0,,,,,,2.0
2019-12-01,Borama,,,1.0,,,,1.0
2020-01-01,Borama,1.0,,,,,,1.0
2020-04-01,Borama,2.0,,,,,,2.0
2020-09-01,Borama,1.0,,,,,,1.0
2021-06-01,Borama,,,,,1.0,,1.0
2016-10-01,Bossaso,4.0,2.0,,,,4.0,10.0
2016-11-01,Bossaso,,1.0,,,,4.0,5.0
2016-12-01,Bossaso,4.0,1.0,,,1.0,6.0,12.0
2017-01-01,Bossaso,2.0,3.0,,1.0,,4.0,10.0
2017-02-01,Bossaso,2.0,3.0,1.0,2.0,1.0,2.0,11.0
2017-03-01,Bossaso,3.0,1.0,,1.0,1.0,3.0,9.0
2017-04-01,Bossaso,1.0,1.0,,,,1.0,3.0
2017-05-01,Bossaso,3.0,3.0,1.0,,2.0,2.0,11.0
2017-06-01,Bossaso,1.0,2.0,,,2.0,2.0,7.0
2017-07-01,Bossaso,3.0,1.0,2.0,,,2.0,8.0
2017-08-01,Bossaso,2.0,1.0,,2.0,2.0,4.0,11.0
2017-09-01,Bossaso,3.0,3.0,,1.0,1.0,5.0,13.0
2017-10-01,Bossaso,4.0,4.0,2.0,,7.0,4.0,21.0
2017-11-01,Bossaso,3.0,1.0,2.0,2.0,,,8.0
2017-12-01,Bossaso,4.0,5.0,,,1.0,,10.0
2018-01-01,Bossaso,3.0,6.0,,,2.0,7.0,18.0
2018-02-01,Bossaso,8.0,6.0,,,1.0,3.0,18.0
2018-03-01,Bossaso,13.0,10.0,,1.0,2.0,4.0,30.0
2018-04-01,Bossaso,6.0,2.0,,,,2.0,10.0
2018-05-01,Bossaso,2.0,,,1.0,1.0,2.0,6.0
2018-06-01,Bossaso,4.0,1.0,,,,1.0,6.0
2018-07-01,Bossaso,,,,,,3.0,3.0
2018-08-01,Bossaso,1.0,,,,,2.0,3.0
2018-09-01,Bossaso,4.0,,,,,6.0,10.0
2018-10-01,Bossaso,1.0,1.0,1.0,,1.0,5.0,9.0
2018-11-01,Bossaso,4.0,,,,,5.0,9.0
2018-12-01,Bossaso,7.0,3.0,,,,5.0,15.0
2019-01-01,Bossaso,1.0,5.0,,,,2.0,8.0
2019-02-01,Bossaso,2.0,,,,1.0,1.0,4.0
2019-03-01,Bossaso,2.0,,1.0,,2.0,1.0,6.0
2019-04-01,Bossaso,3.0,2.0,,,,,5.0
2019-05-01,Bossaso,3.0,3.0,,,1.0,1.0,8.0
2019-06-01,Bossaso,2.0,1.0,,,,2.0,5.0
2019-07-01,Bossaso,1.0,2.0,1.0,,1.0,3.0,8.0
2019-08-01,Bossaso,1.0,2.0,,,,,3.0
2019-09-01,Bossaso,,,,1.0,,2.0,3.0
2019-10-01,Bossaso,3.0,,1.0,,,1.0,5.0
2019-11-01,Bossaso,5.0,,,,,1.0,6.0
2019-12-01,Bossaso,4.0,5.0,,,2.0,1.0,12.0
2020-01-01,Bossaso,3.0,2.0,,,1.0,2.0,8.0
2020-02-01,Bossaso,6.0,3.0,,,,4.0,13.0
2020-03-01,Bossaso,2.0,5.0,,,,3.0,10.0
2020-04-01,Bossaso,2.0,1.0,,,,2.0,5.0
2020-05-01,Bossaso,4.0,,,,,,4.0
2020-06-01,Bossaso,,,3.0,,,,3.0
2020-07-01,Bossaso,,4.0,,,,,4.0
2020-08-01,Bossaso,3.0,1.0,,,,,4.0
2020-09-01,Bossaso,,,,,,1.0,1.0
2020-11-01,Bossaso,1.0,1.0,,,,2.0,4.0
2020-12-01,Bossaso,1.0,3.0,3.0,,,,7.0
2021-01-01,Bossaso,,1.0,,,,1.0,2.0
2021-02-01,Bossaso,2.0,,1.0,,,,3.0
2021-03-01,Bossaso,2.0,,,,,,2.0
2021-04-01,Bossaso,2.0,,,,,,2.0
2021-05-01,Bossaso,1.0,1.0,,,1.0,,3.0
2021-08-01,Bossaso,,1.0,,,,,1.0
2021-09-01,Bossaso,,1.0,,,,,1.0
2021-10-01,Bossaso,,,1.0,,,1.0,2.0
2016-10-01,Bu'aale,,,,,,1.0,1.0
2016-11-01,Bu'aale,,2.0,,,,,2.0
2017-01-01,Bu'aale,,,,,,1.0,1.0
2017-11-01,Bu'aale,,,,,,1.0,1.0
2018-02-01,Bu'aale,,1.0,,,,,1.0
2018-08-01,Bu'aale,1.0,1.0,,,,,2.0
2018-09-01,Bu'aale,,1.0,,,,1.0,2.0
2018-11-01,Bu'aale,,,,,1.0,,1.0
2018-12-01,Bu'aale,,1.0,,,,,1.0
2019-01-01,Bu'aale,1.0,3.0,,,,,4.0
2019-03-01,Bu'aale,,2.0,,,,,2.0
2019-04-01,Bu'aale,,1.0,,,,,1.0
2019-06-01,Bu'aale,1.0,,,,,,1.0
2019-08-01,Bu'aale,,2.0,,,,,2.0
2019-09-01,Bu'aale,,1.0,,,,,1.0
2019-10-01,Bu'aale,,1.0,,,,,1.0
2019-11-01,Bu'aale,,1.0,,,,,1.0
2019-12-01,Bu'aale,,1.0,,,,,1.0
2020-02-01,Bu'aale,,1.0,,,,,1.0
2020-03-01,Bu'aale,,,,,,1.0,1.0
2020-04-01,Bu'aale,,1.0,,,,,1.0
2020-05-01,Bu'aale,1.0,2.0,,,,1.0,4.0
2020-08-01,Bu'aale,,1.0,,,,,1.0
2020-11-01,Bu'aale,1.0,,,,,,1.0
2021-03-01,Bu'aale,,,,,,1.0,1.0
2016-10-01,Bulo Burto,2.0,,1.0,,1.0,,4.0
2016-12-01,Bulo Burto,,,,,2.0,,2.0
2017-01-01,Bulo Burto,1.0,,,,1.0,2.0,4.0
2017-02-01,Bulo Burto,,,,,,1.0,1.0
2017-03-01,Bulo Burto,,,,1.0,,,1.0
2017-04-01,Bulo Burto,3.0,,,,,1.0,4.0
2017-05-01,Bulo Burto,8.0,,,,1.0,1.0,10.0
2017-06-01,Bulo Burto,3.0,3.0,,,1.0,,7.0
2017-07-01,Bulo Burto,6.0,1.0,,,,2.0,9.0
2017-08-01,Bulo Burto,3.0,,,,2.0,,5.0
2017-09-01,Bulo Burto,1.0,,,,,2.0,3.0
2017-10-01,Bulo Burto,3.0,,,,1.0,5.0,9.0
2017-12-01,Bulo Burto,2.0,1.0,,,3.0,1.0,7.0
2018-01-01,Bulo Burto,2.0,2.0,,,1.0,,5.0
2018-02-01,Bulo Burto,2.0,,,,,1.0,3.0
2018-03-01,Bulo Burto,3.0,1.0,,,,1.0,5.0
2018-04-01,Bulo Burto,1.0,1.0,,,,1.0,3.0
2018-05-01,Bulo Burto,5.0,,,,1.0,1.0,7.0
2018-06-01,Bulo Burto,3.0,2.0,,,2.0,,7.0
2018-07-01,Bulo Burto,,1.0,,,,,1.0
2018-08-01,Bulo Burto,3.0,2.0,,,,,5.0
2018-09-01,Bulo Burto,1.0,2.0,,,,,3.0
2018-10-01,Bulo Burto,2.0,3.0,,,1.0,,6.0
2018-11-01,Bulo Burto,,3.0,,,,,3.0
2018-12-01,Bulo Burto,4.0,3.0,,,,3.0,10.0
2019-01-01,Bulo Burto,1.0,,,,1.0,1.0,3.0
2019-02-01,Bulo Burto,,,,,1.0,1.0,2.0
2019-03-01,Bulo Burto,,1.0,,,,1.0,2.0
2019-04-01,Bulo Burto,,1.0,,,,,1.0
2019-05-01,Bulo Burto,2.0,1.0,,,,,3.0
2019-06-01,Bulo Burto,2.0,,,,,,2.0
2019-07-01,Bulo Burto,1.0,2.0,,,,,3.0
2019-08-01,Bulo Burto,,1.0,,,,,1.0
2019-09-01,Bulo Burto,1.0,1.0,,,1.0,,3.0
2019-10-01,Bulo Burto,4.0,,,,,,4.0
2019-11-01,Bulo Burto,4.0,,,,,,4.0
2019-12-01,Bulo Burto,2.0,2.0,1.0,,,,5.0
2020-01-01,Bulo Burto,1.0,,,,,1.0,2.0
2020-02-01,Bulo Burto,1.0,2.0,,1.0,1.0,3.0,8.0
2020-03-01,Bulo Burto,,,,,,1.0,1.0
2020-04-01,Bulo Burto,1.0,,,,1.0,2.0,4.0
2020-05-01,Bulo Burto,4.0,,,,,1.0,5.0
2020-06-01,Bulo Burto,3.0,1.0,,,1.0,5.0,10.0
2020-07-01,Bulo Burto,8.0,,,,,,8.0
2020-08-01,Bulo Burto,4.0,,,,,,4.0
2020-09-01,Bulo Burto,2.0,2.0,,,,1.0,5.0
2020-10-01,Bulo Burto,4.0,,,,,1.0,5.0
2020-11-01,Bulo Burto,3.0,1.0,,,,,4.0
2020-12-01,Bulo Burto,8.0,,,,,,8.0
2021-01-01,Bulo Burto,2.0,1.0,,,,,3.0
2021-02-01,Bulo Burto,2.0,1.0,,,,1.0,4.0
2021-03-01,Bulo Burto,1.0,,,,1.0,1.0,3.0
2021-04-01,Bulo Burto,1.0,,,,,,1.0
2021-05-01,Bulo Burto,4.0,,,,,,4.0
2021-06-01,Bulo Burto,6.0,,,,,,6.0
2021-07-01,Bulo Burto,3.0,5.0,,,,,8.0
2021-09-01,Bulo Burto,1.0,1.0,,,,1.0,3.0
2016-10-01,Burco,,,1.0,,,,1.0
2016-11-01,Burco,1.0,,,,1.0,2.0,4.0
2017-01-01,Burco,,,,,,2.0,2.0
2017-02-01,Burco,,,5.0,2.0,,,7.0
2017-03-01,Burco,,,2.0,1.0,,1.0,4.0
2017-07-01,Burco,2.0,,,,1.0,,3.0
2017-08-01,Burco,3.0,,,,,1.0,4.0
2017-09-01,Burco,,,,1.0,,2.0,3.0
2017-10-01,Burco,,,,1.0,,3.0,4.0
2017-11-01,Burco,,,,4.0,,1.0,5.0
2018-01-01,Burco,,,2.0,,,,2.0
2018-02-01,Burco,,,1.0,,,,1.0
2018-03-01,Burco,,,1.0,1.0,,,2.0
2018-04-01,Burco,,,2.0,,,,2.0
2018-05-01,Burco,1.0,,,2.0,,,3.0
2018-06-01,Burco,,,1.0,,,,1.0
2018-12-01,Burco,,,,,1.0,,1.0
2019-01-01,Burco,,,,,,1.0,1.0
2019-02-01,Burco,,,,,,1.0,1.0
2019-04-01,Burco,,,1.0,,,,1.0
2019-05-01,Burco,,2.0,,,,,2.0
2019-06-01,Burco,1.0,,,1.0,,,2.0
2019-07-01,Burco,,,,1.0,,,1.0
2019-08-01,Burco,,,,,,1.0,1.0
2019-11-01,Burco,,,1.0,,,,1.0
2019-12-01,Burco,1.0,,1.0,,,,2.0
2020-03-01,Burco,,,1.0,,,,1.0
2020-05-01,Burco,,,,,,1.0,1.0
2020-08-01,Burco,,,1.0,,,,1.0
2020-10-01,Burco,,,,1.0,,,1.0
2020-11-01,Burco,,1.0,,,,,1.0
2020-12-01,Burco,,,1.0,,,,1.0
2021-02-01,Burco,,,1.0,,,,1.0
2021-04-01,Burco,,,2.0,1.0,,,3.0
2021-08-01,Burco,,,1.0,,,,1.0
2021-10-01,Burco,1.0,,,,,,1.0
2017-09-01,Burtinle,,,,,,1.0,1.0
2017-12-01,Burtinle,1.0,,,,,,1.0
2018-02-01,Burtinle,,,,,,1.0,1.0
2020-01-01,Burtinle,,,,,,1.0,1.0
2020-10-01,Burtinle,1.0,,,,,,1.0
2016-10-01,Buuhoodle,2.0,,1.0,,1.0,,4.0
2016-11-01,Buuhoodle,,,,,,2.0,2.0
2016-12-01,Buuhoodle,1.0,,,,,2.0,3.0
2017-01-01,Buuhoodle,2.0,,,,,3.0,5.0
2017-02-01,Buuhoodle,,,,,1.0,,1.0
2017-03-01,Buuhoodle,,,2.0,,,,2.0
2017-04-01,Buuhoodle,2.0,,,,,,2.0
2017-05-01,Buuhoodle,,,,,1.0,,1.0
2017-07-01,Buuhoodle,,,1.0,,,,1.0
2017-08-01,Buuhoodle,3.0,,2.0,,,,5.0
2017-09-01,Buuhoodle,1.0,,,,,,1.0
2017-10-01,Buuhoodle,1.0,,3.0,,,,4.0
2017-11-01,Buuhoodle,,,,,1.0,1.0,2.0
2018-02-01,Buuhoodle,,,,,1.0,,1.0
2018-03-01,Buuhoodle,2.0,,,,,,2.0
2018-05-01,Buuhoodle,,,1.0,,,,1.0
2018-08-01,Buuhoodle,,1.0,,,,,1.0
2018-09-01,Buuhoodle,3.0,,,,,1.0,4.0
2018-10-01,Buuhoodle,1.0,,,,,,1.0
2018-11-01,Buuhoodle,1.0,,,,,,1.0
2018-12-01,Buuhoodle,1.0,,,,,2.0,3.0
2019-02-01,Buuhoodle,,,,,,1.0,1.0
2019-03-01,Buuhoodle,1.0,,,,1.0,,2.0
2019-05-01,Buuhoodle,1.0,,,,,,1.0
2019-10-01,Buuhoodle,,,,,,1.0,1.0
2019-12-01,Buuhoodle,,1.0,,,,,1.0
2020-03-01,Buuhoodle,1.0,,,,,,1.0
2020-06-01,Buuhoodle,2.0,,1.0,,1.0,1.0,5.0
2020-07-01,Buuhoodle,2.0,,,,,,2.0
2020-08-01,Buuhoodle,,,,,1.0,,1.0
2020-11-01,Buuhoodle,,,,,,1.0,1.0
2020-12-01,Buuhoodle,,,1.0,,,,1.0
2021-01-01,Buuhoodle,1.0,,1.0,,,3.0,5.0
2021-02-01,Buuhoodle,1.0,,,,,2.0,3.0
2021-04-01,Buuhoodle,1.0,,,,,1.0,2.0
2016-10-01,Buur Hakaba,,4.0,,,,2.0,6.0
2016-11-01,Buur Hakaba,,3.0,,,,,3.0
2016-12-01,Buur Hakaba,2.0,2.0,,,,,4.0
2017-01-01,Buur Hakaba,5.0,5.0,,,,,10.0
2017-02-01,Buur Hakaba,3.0,1.0,,,,,4.0
2017-03-01,Buur Hakaba,,1.0,,,1.0,,2.0
2017-04-01,Buur Hakaba,2.0,2.0,,,,1.0,5.0
2017-05-01,Buur Hakaba,3.0,1.0,,,,1.0,5.0
2017-06-01,Buur Hakaba,,,,,1.0,1.0,2.0
2017-08-01,Buur Hakaba,,2.0,,,2.0,,4.0
2017-09-01,Buur Hakaba,1.0,,,,,1.0,2.0
2017-11-01,Buur Hakaba,3.0,1.0,,,,,4.0
2017-12-01,Buur Hakaba,2.0,,,,,,2.0
2018-01-01,Buur Hakaba,3.0,,,,1.0,,4.0
2018-03-01,Buur Hakaba,1.0,,,,,,1.0
2018-04-01,Buur Hakaba,,,,,1.0,,1.0
2018-05-01,Buur Hakaba,2.0,,,,,,2.0
2018-08-01,Buur Hakaba,1.0,1.0,,,,1.0,3.0
2018-09-01,Buur Hakaba,1.0,1.0,,,,1.0,3.0
2018-10-01,Buur Hakaba,,1.0,,,,,1.0
2018-11-01,Buur Hakaba,1.0,,,,,,1.0
2018-12-01,Buur Hakaba,,1.0,,,,1.0,2.0
2019-01-01,Buur Hakaba,3.0,3.0,,,1.0,1.0,8.0
2019-02-01,Buur Hakaba,1.0,,,,,,1.0
2019-03-01,Buur Hakaba,1.0,2.0,,,,,3.0
2019-04-01,Buur Hakaba,1.0,4.0,,,1.0,1.0,7.0
2019-06-01,Buur Hakaba,6.0,1.0,,,,2.0,9.0
2019-07-01,Buur Hakaba,1.0,1.0,,,,1.0,3.0
2019-08-01,Buur Hakaba,1.0,,,,,,1.0
2019-09-01,Buur Hakaba,1.0,1.0,,,,1.0,3.0
2019-10-01,Buur Hakaba,,1.0,,,,,1.0
2019-11-01,Buur Hakaba,,,,,,1.0,1.0
2020-02-01,Buur Hakaba,1.0,,,,,,1.0
2020-03-01,Buur Hakaba,4.0,2.0,,,1.0,1.0,8.0
2020-04-01,Buur Hakaba,1.0,2.0,,,,,3.0
2020-05-01,Buur Hakaba,1.0,1.0,,,,,2.0
2020-06-01,Buur Hakaba,1.0,1.0,,,,2.0,4.0
2020-07-01,Buur Hakaba,,1.0,,,,1.0,2.0
2020-09-01,Buur Hakaba,3.0,1.0,,,,,4.0
2020-10-01,Buur Hakaba,1.0,,,,,,1.0
2020-11-01,Buur Hakaba,2.0,1.0,1.0,,,2.0,6.0
2020-12-01,Buur Hakaba,,1.0,,,,,1.0
2021-01-01,Buur Hakaba,2.0,2.0,,,,1.0,5.0
2021-02-01,Buur Hakaba,,,,,,1.0,1.0
2021-03-01,Buur Hakaba,,2.0,,,,,2.0
2021-04-01,Buur Hakaba,,,,,,1.0,1.0
2021-05-01,Buur Hakaba,1.0,,,,,,1.0
2021-06-01,Buur Hakaba,,,,,,1.0,1.0
2021-07-01,Buur Hakaba,1.0,,,,,1.0,2.0
2021-08-01,Buur Hakaba,1.0,,,,,,1.0
2021-09-01,Buur Hakaba,1.0,1.0,,,,1.0,3.0
2016-10-01,Cabudwaaq,1.0,,1.0,,,1.0,3.0
2016-11-01,Cabudwaaq,3.0,,,,,2.0,5.0
2016-12-01,Cabudwaaq,,,,,,1.0,1.0
2017-01-01,Cabudwaaq,2.0,,,,,3.0,5.0
2017-02-01,Cabudwaaq,,,,,,2.0,2.0
2017-03-01,Cabudwaaq,,,,,,1.0,1.0
2017-04-01,Cabudwaaq,,,,,,1.0,1.0
2017-05-01,Cabudwaaq,,,,,,2.0,2.0
2017-06-01,Cabudwaaq,1.0,,,,,1.0,2.0
2017-07-01,Cabudwaaq,1.0,,,1.0,,,2.0
2017-08-01,Cabudwaaq,7.0,1.0,,,,3.0,11.0
2017-10-01,Cabudwaaq,,,1.0,,,,1.0
2017-11-01,Cabudwaaq,1.0,,,,,1.0,2.0
2017-12-01,Cabudwaaq,,,,,,1.0,1.0
2018-01-01,Cabudwaaq,,,,,,1.0,1.0
2018-04-01,Cabudwaaq,2.0,,,,,,2.0
2018-05-01,Cabudwaaq,1.0,,,,,,1.0
2018-06-01,Cabudwaaq,,,,,,1.0,1.0
2018-08-01,Cabudwaaq,,,,,1.0,,1.0
2018-10-01,Cabudwaaq,,,,,1.0,,1.0
2018-12-01,Cabudwaaq,,,,,,1.0,1.0
2019-03-01,Cabudwaaq,1.0,,,,,,1.0
2019-04-01,Cabudwaaq,,,,,1.0,,1.0
2019-06-01,Cabudwaaq,,,,,,1.0,1.0
2019-10-01,Cabudwaaq,,,,,,2.0,2.0
2020-01-01,Cabudwaaq,1.0,,,,,,1.0
2020-04-01,Cabudwaaq,,,,1.0,,,1.0
2020-05-01,Cabudwaaq,,,1.0,,,1.0,2.0
2020-06-01,Cabudwaaq,,,,,,1.0,1.0
2020-07-01,Cabudwaaq,,,,,1.0,,1.0
2020-09-01,Cabudwaaq,,,1.0,,,,1.0
2020-10-01,Cabudwaaq,,1.0,,,,1.0,2.0
2020-11-01,Cabudwaaq,1.0,,,,,1.0,2.0
2020-12-01,Cabudwaaq,1.0,,,,,1.0,2.0
2021-01-01,Cabudwaaq,,,,,,2.0,2.0
2021-02-01,Cabudwaaq,1.0,,,,,1.0,2.0
2021-03-01,Cabudwaaq,1.0,,,,,2.0,3.0
2021-04-01,Cabudwaaq,,,,,,2.0,2.0
2021-05-01,Cabudwaaq,1.0,,,,,3.0,4.0
2021-06-01,Cabudwaaq,,,,,,2.0,2.0
2021-08-01,Cabudwaaq,,,,,,2.0,2.0
2021-09-01,Cabudwaaq,3.0,,,,,2.0,5.0
2021-10-01,Cabudwaaq,1.0,,,,,1.0,2.0
2016-11-01,Cadaado,1.0,,1.0,,,1.0,3.0
2016-12-01,Cadaado,,,,,,1.0,1.0
2017-01-01,Cadaado,1.0,,,,,,1.0
2017-03-01,Cadaado,1.0,,2.0,,1.0,2.0,6.0
2017-05-01,Cadaado,,,1.0,,,,1.0
2017-06-01,Cadaado,1.0,,,,,1.0,2.0
2017-07-01,Cadaado,1.0,,,,,1.0,2.0
2017-08-01,Cadaado,1.0,,,,,,1.0
2017-09-01,Cadaado,,,1.0,1.0,1.0,,3.0
2017-10-01,Cadaado,1.0,,1.0,,,,2.0
2017-11-01,Cadaado,,,,,,1.0,1.0
2018-01-01,Cadaado,,,1.0,,,,1.0
2018-03-01,Cadaado,1.0,,,,,,1.0
2018-05-01,Cadaado,1.0,,,,1.0,,2.0
2018-06-01,Cadaado,1.0,,,,,,1.0
2018-08-01,Cadaado,1.0,,,,,1.0,2.0
2018-09-01,Cadaado,2.0,,,,,,2.0
2018-10-01,Cadaado,,,1.0,,,,1.0
2018-11-01,Cadaado,2.0,,,,1.0,2.0,5.0
2018-12-01,Cadaado,2.0,,,,,,2.0
2019-02-01,Cadaado,,1.0,,,,,1.0
2019-03-01,Cadaado,1.0,,,,,,1.0
2019-09-01,Cadaado,,,1.0,,,,1.0
2019-10-01,Cadaado,,,,,,1.0,1.0
2019-11-01,Cadaado,,,,,1.0,,1.0
2020-02-01,Cadaado,1.0,,,,,,1.0
2020-04-01,Cadaado,2.0,,,,1.0,,3.0
2020-05-01,Cadaado,1.0,,,,,,1.0
2020-09-01,Cadaado,1.0,,,,1.0,,2.0
2020-10-01,Cadaado,1.0,,1.0,1.0,,,3.0
2020-11-01,Cadaado,1.0,,,,,,1.0
2021-01-01,Cadaado,,,,,,1.0,1.0
2021-03-01,Cadaado,1.0,,,,,1.0,2.0
2021-05-01,Cadaado,1.0,,,,,,1.0
2021-06-01,Cadaado,1.0,,,,,,1.0
2021-07-01,Cadaado,,,1.0,,,,1.0
2021-08-01,Cadaado,1.0,,,,,,1.0
2021-09-01,Cadaado,1.0,,,,,,1.0
2016-11-01,Cadale,1.0,,,,1.0,1.0,3.0
2016-12-01,Cadale,,1.0,,,,,1.0
2017-01-01,Cadale,,,,,,1.0,1.0
2017-02-01,Cadale,2.0,,1.0,,,2.0,5.0
2017-04-01,Cadale,,1.0,,,,,1.0
2017-05-01,Cadale,1.0,,,,,,1.0
2017-07-01,Cadale,2.0,,,,,,2.0
2017-10-01,Cadale,,1.0,,,,,1.0
2018-07-01,Cadale,2.0,,,,,2.0,4.0
2018-10-01,Cadale,,,,,,1.0,1.0
2018-11-01,Cadale,1.0,,,,,,1.0
2018-12-01,Cadale,6.0,,,,,1.0,7.0
2019-01-01,Cadale,3.0,,,,1.0,3.0,7.0
2019-02-01,Cadale,2.0,,,,,1.0,3.0
2019-03-01,Cadale,2.0,,,,,1.0,3.0
2019-04-01,Cadale,,,,,,1.0,1.0
2019-05-01,Cadale,3.0,,,,1.0,,4.0
2019-06-01,Cadale,2.0,,,,,1.0,3.0
2019-07-01,Cadale,2.0,,,,,1.0,3.0
2019-08-01,Cadale,3.0,1.0,,,1.0,1.0,6.0
2019-09-01,Cadale,,1.0,,,,,1.0
2019-10-01,Cadale,,1.0,,,,,1.0
2019-11-01,Cadale,3.0,1.0,,,,1.0,5.0
2019-12-01,Cadale,3.0,1.0,,,,,4.0
2020-01-01,Cadale,2.0,1.0,,,1.0,,4.0
2020-02-01,Cadale,3.0,,,,2.0,1.0,6.0
2020-05-01,Cadale,1.0,,,,,,1.0
2020-07-01,Cadale,1.0,,,,,1.0,2.0
2020-09-01,Cadale,2.0,,,,1.0,,3.0
2020-10-01,Cadale,,,,,,2.0,2.0
2020-11-01,Cadale,3.0,,,,,1.0,4.0
2020-12-01,Cadale,1.0,,,,,,1.0
2021-02-01,Cadale,2.0,,,,,,2.0
2021-07-01,Cadale,1.0,,,,,,1.0
2017-06-01,Caluula,1.0,,,,,,1.0
2017-08-01,Caluula,,1.0,,,,,1.0
2018-01-01,Caluula,,1.0,,,,,1.0
2018-03-01,Caluula,,,,,,1.0,1.0
2019-04-01,Caluula,,1.0,,,,,1.0
2019-11-01,Caluula,,,,,,1.0,1.0
2020-08-01,Caluula,1.0,,,,,,1.0
2016-10-01,Caynabo,,,,1.0,,,1.0
2017-01-01,Caynabo,,,,,,1.0,1.0
2017-07-01,Caynabo,,,,1.0,,,1.0
2017-09-01,Caynabo,,,,1.0,,1.0,2.0
2017-10-01,Caynabo,,,1.0,,1.0,,2.0
2017-11-01,Caynabo,,,1.0,,,2.0,3.0
2018-02-01,Caynabo,,,,,1.0,,1.0
2018-04-01,Caynabo,1.0,,1.0,,,1.0,3.0
2018-09-01,Caynabo,,,,,,1.0,1.0
2019-07-01,Caynabo,,,1.0,,,,1.0
2019-12-01,Caynabo,,,,1.0,,,1.0
2020-05-01,Caynabo,,,,,,1.0,1.0
2020-06-01,Caynabo,,,2.0,,,,2.0
2020-11-01,Caynabo,,,1.0,,,,1.0
2016-12-01,Ceel Afweyn,1.0,,,,,,1.0
2017-01-01,Ceel Afweyn,1.0,,,,,,1.0
2017-02-01,Ceel Afweyn,,,,,,1.0,1.0
2017-06-01,Ceel Afweyn,1.0,,,,,,1.0
2017-07-01,Ceel Afweyn,,,,,,1.0,1.0
2017-09-01,Ceel Afweyn,,,,,,1.0,1.0
2017-10-01,Ceel Afweyn,1.0,,,,,,1.0
2017-11-01,Ceel Afweyn,1.0,,,,,,1.0
2017-12-01,Ceel Afweyn,,,1.0,,,,1.0
2018-01-01,Ceel Afweyn,2.0,,,,,,2.0
2018-03-01,Ceel Afweyn,,,1.0,,2.0,,3.0
2018-04-01,Ceel Afweyn,1.0,,1.0,1.0,,,3.0
2018-05-01,Ceel Afweyn,3.0,,,,,,3.0
2018-06-01,Ceel Afweyn,3.0,,,,,,3.0
2018-07-01,Ceel Afweyn,,,,,,3.0,3.0
2018-09-01,Ceel Afweyn,,,,,,2.0,2.0
2018-11-01,Ceel Afweyn,2.0,,,,,,2.0
2018-12-01,Ceel Afweyn,,,,,,1.0,1.0
2019-04-01,Ceel Afweyn,1.0,,,,,,1.0
2019-06-01,Ceel Afweyn,1.0,,,,,,1.0
2019-07-01,Ceel Afweyn,5.0,,1.0,,,,6.0
2019-08-01,Ceel Afweyn,,,,,,1.0,1.0
2019-09-01,Ceel Afweyn,2.0,,,,,,2.0
2019-10-01,Ceel Afweyn,1.0,,,,,,1.0
2019-12-01,Ceel Afweyn,,,,,1.0,,1.0
2020-03-01,Ceel Afweyn,1.0,,,,,,1.0
2020-04-01,Ceel Afweyn,1.0,,,,,,1.0
2020-06-01,Ceel Afweyn,,,,,,1.0,1.0
2020-08-01,Ceel Afweyn,1.0,,,,,,1.0
2020-09-01,Ceel Afweyn,1.0,,,,,,1.0
2021-07-01,Ceel Afweyn,1.0,,,,,,1.0
2021-08-01,Ceel Afweyn,1.0,,,,,,1.0
2017-01-01,Ceel Barde,1.0,,,,,1.0,2.0
2017-03-01,Ceel Barde,1.0,,,,,,1.0
2017-05-01,Ceel Barde,,,,,1.0,2.0,3.0
2017-11-01,Ceel Barde,,,,,,1.0,1.0
2018-07-01,Ceel Barde,,1.0,,,,,1.0
2018-10-01,Ceel Barde,1.0,,,,,,1.0
2019-04-01,Ceel Barde,,1.0,,,,,1.0
2019-07-01,Ceel Barde,,1.0,,,,,1.0
2019-08-01,Ceel Barde,1.0,,,,,,1.0
2019-11-01,Ceel Barde,1.0,,,,,,1.0
2019-12-01,Ceel Barde,,,,,,1.0,1.0
2020-01-01,Ceel Barde,,1.0,,,,,1.0
2020-11-01,Ceel Barde,,,,,,1.0,1.0
2020-12-01,Ceel Barde,3.0,,,,,,3.0
2021-01-01,Ceel Barde,,2.0,,,,1.0,3.0
2021-04-01,Ceel Barde,,,,,,1.0,1.0
2016-10-01,Ceel Buur,2.0,,,,,1.0,3.0
2016-11-01,Ceel Buur,1.0,,,,,1.0,2.0
2017-03-01,Ceel Buur,2.0,1.0,,,1.0,,4.0
2017-04-01,Ceel Buur,,,,,1.0,,1.0
2017-05-01,Ceel Buur,,,,,,1.0,1.0
2017-09-01,Ceel Buur,,,,,1.0,,1.0
2017-10-01,Ceel Buur,,,,,,2.0,2.0
2017-12-01,Ceel Buur,,,,,,1.0,1.0
2018-03-01,Ceel Buur,,,1.0,,,,1.0
2018-04-01,Ceel Buur,,1.0,,,,,1.0
2018-12-01,Ceel Buur,,,,,,1.0,1.0
2019-02-01,Ceel Buur,,,,,,1.0,1.0
2019-05-01,Ceel Buur,,,,,,2.0,2.0
2019-06-01,Ceel Buur,1.0,,,,,,1.0
2019-10-01,Ceel Buur,1.0,,,,,,1.0
2020-01-01,Ceel Buur,,2.0,,,,,2.0
2020-04-01,Ceel Buur,,,,,,1.0,1.0
2020-05-01,Ceel Buur,,,,,,2.0,2.0
2020-06-01,Ceel Buur,1.0,,,,,1.0,2.0
2020-08-01,Ceel Buur,1.0,,,,,,1.0
2020-11-01,Ceel Buur,,,2.0,,,,2.0
2020-12-01,Ceel Buur,1.0,,,,,1.0,2.0
2021-03-01,Ceel Buur,,,,,,1.0,1.0
2021-08-01,Ceel Buur,,,,,,1.0,1.0
2017-05-01,Ceel Dheer,1.0,,,,,,1.0
2017-12-01,Ceel Dheer,,,,,1.0,,1.0
2018-02-01,Ceel Dheer,,1.0,,,,,1.0
2019-06-01,Ceel Dheer,1.0,,,,,,1.0
2019-11-01,Ceel Dheer,,,,,,1.0,1.0
2020-06-01,Ceel Dheer,,,,,,1.0,1.0
2020-09-01,Ceel Dheer,1.0,,,,,,1.0
2020-10-01,Ceel Dheer,1.0,,,,,,1.0
2021-01-01,Ceel Dheer,,1.0,,,,,1.0
2021-02-01,Ceel Dheer,,1.0,,,,,1.0
2016-11-01,Ceel Waaq,,1.0,,,,,1.0
2016-12-01,Ceel Waaq,1.0,,,,1.0,1.0,3.0
2017-01-01,Ceel Waaq,3.0,,,,,,3.0
2017-02-01,Ceel Waaq,3.0,1.0,,,,,4.0
2017-03-01,Ceel Waaq,2.0,1.0,,,1.0,,4.0
2017-04-01,Ceel Waaq,1.0,2.0,,,,,3.0
2017-05-01,Ceel Waaq,,1.0,,,,,1.0
2017-06-01,Ceel Waaq,2.0,3.0,,,,,5.0
2017-07-01,Ceel Waaq,1.0,,,,,,1.0
2017-08-01,Ceel Waaq,1.0,,,,,,1.0
2017-09-01,Ceel Waaq,2.0,,,,2.0,2.0,6.0
2017-10-01,Ceel Waaq,1.0,,,,,,1.0
2017-11-01,Ceel Waaq,,,,,,1.0,1.0
2017-12-01,Ceel Waaq,,1.0,,,,,1.0
2018-01-01,Ceel Waaq,2.0,3.0,,,,,5.0
2018-02-01,Ceel Waaq,2.0,1.0,,,1.0,,4.0
2018-03-01,Ceel Waaq,2.0,2.0,,,,,4.0
2018-04-01,Ceel Waaq,2.0,,,,,,2.0
2018-06-01,Ceel Waaq,2.0,,,,,,2.0
2018-07-01,Ceel Waaq,1.0,,,,,,1.0
2018-08-01,Ceel Waaq,,2.0,,,,1.0,3.0
2018-09-01,Ceel Waaq,,3.0,,,,,3.0
2018-10-01,Ceel Waaq,1.0,1.0,,,,,2.0
2019-03-01,Ceel Waaq,1.0,5.0,,,1.0,,7.0
2019-05-01,Ceel Waaq,1.0,1.0,,,,,2.0
2019-06-01,Ceel Waaq,2.0,,,,,,2.0
2019-07-01,Ceel Waaq,1.0,1.0,,,,1.0,3.0
2019-09-01,Ceel Waaq,1.0,,,,,,1.0
2019-10-01,Ceel Waaq,1.0,,,,,,1.0
2020-05-01,Ceel Waaq,2.0,3.0,,,,,5.0
2020-06-01,Ceel Waaq,1.0,,,,,,1.0
2020-09-01,Ceel Waaq,,2.0,1.0,,,1.0,4.0
2020-10-01,Ceel Waaq,,1.0,,,,,1.0
2020-11-01,Ceel Waaq,1.0,1.0,1.0,,,,3.0
2020-12-01,Ceel Waaq,2.0,,,,,,2.0
2021-01-01,Ceel Waaq,,1.0,,,,,1.0
2021-04-01,Ceel Waaq,1.0,,,,,,1.0
2021-05-01,Ceel Waaq,1.0,,,,,,1.0
2021-06-01,Ceel Waaq,,1.0,,,,,1.0
2021-07-01,Ceel Waaq,1.0,2.0,,,,,3.0
2021-08-01,Ceel Waaq,1.0,2.0,,,,,3.0
2021-09-01,Ceel Waaq,2.0,8.0,,,,,10.0
2016-10-01,Ceerigaabo,1.0,,2.0,1.0,,4.0,8.0
2016-11-01,Ceerigaabo,,,,,,1.0,1.0
2016-12-01,Ceerigaabo,,,,,,1.0,1.0
2017-03-01,Ceerigaabo,,,1.0,,,,1.0
2017-05-01,Ceerigaabo,,,1.0,,,,1.0
2017-06-01,Ceerigaabo,1.0,,,,,,1.0
2017-07-01,Ceerigaabo,1.0,,,1.0,,,2.0
2017-08-01,Ceerigaabo,3.0,,,,,,3.0
2017-09-01,Ceerigaabo,,,2.0,1.0,1.0,,4.0
2017-10-01,Ceerigaabo,1.0,,3.0,,,,4.0
2017-11-01,Ceerigaabo,,,,3.0,,1.0,4.0
2017-12-01,Ceerigaabo,,,1.0,,,1.0,2.0
2018-01-01,Ceerigaabo,3.0,,2.0,,,1.0,6.0
2018-02-01,Ceerigaabo,,,2.0,,,,2.0
2018-03-01,Ceerigaabo,1.0,,1.0,,,,2.0
2018-04-01,Ceerigaabo,1.0,,,,,,1.0
2018-05-01,Ceerigaabo,1.0,,1.0,1.0,1.0,,4.0
2018-06-01,Ceerigaabo,,,5.0,,,1.0,6.0
2018-07-01,Ceerigaabo,2.0,,,,,1.0,3.0
2018-08-01,Ceerigaabo,,,,,,1.0,1.0
2018-09-01,Ceerigaabo,1.0,,,,,3.0,4.0
2018-10-01,Ceerigaabo,2.0,1.0,,,,,3.0
2018-11-01,Ceerigaabo,1.0,,,,,1.0,2.0
2019-02-01,Ceerigaabo,,,1.0,,,1.0,2.0
2019-03-01,Ceerigaabo,2.0,,,,2.0,1.0,5.0
2019-05-01,Ceerigaabo,2.0,,1.0,,,,3.0
2019-06-01,Ceerigaabo,3.0,,,,1.0,2.0,6.0
2019-07-01,Ceerigaabo,3.0,,,1.0,,1.0,5.0
2019-08-01,Ceerigaabo,2.0,,,,,,2.0
2019-11-01,Ceerigaabo,2.0,,,,1.0,,3.0
2019-12-01,Ceerigaabo,1.0,,,,,,1.0
2020-02-01,Ceerigaabo,2.0,,,,,,2.0
2020-03-01,Ceerigaabo,,,,,1.0,,1.0
2020-04-01,Ceerigaabo,1.0,,1.0,,,2.0,4.0
2020-06-01,Ceerigaabo,1.0,,1.0,,,1.0,3.0
2020-07-01,Ceerigaabo,1.0,,,,,,1.0
2020-08-01,Ceerigaabo,,,1.0,,,1.0,2.0
2020-09-01,Ceerigaabo,1.0,,,,,,1.0
2020-10-01,Ceerigaabo,,,3.0,,,,3.0
2020-12-01,Ceerigaabo,,,,1.0,,,1.0
2021-01-01,Ceerigaabo,1.0,,,,,1.0,2.0
2021-02-01,Ceerigaabo,1.0,,1.0,,,,2.0
2021-03-01,Ceerigaabo,,,,,,1.0,1.0
2021-09-01,Ceerigaabo,,,,1.0,,,1.0
2016-10-01,Dhuusamarreeb,3.0,,,,,1.0,4.0
2016-11-01,Dhuusamarreeb,1.0,,,,1.0,1.0,3.0
2016-12-01,Dhuusamarreeb,,,,,1.0,,1.0
2017-01-01,Dhuusamarreeb,,,,,,2.0,2.0
2017-03-01,Dhuusamarreeb,1.0,,1.0,,,,2.0
2017-04-01,Dhuusamarreeb,,,,,1.0,,1.0
2017-05-01,Dhuusamarreeb,2.0,1.0,,,,,3.0
2017-06-01,Dhuusamarreeb,1.0,,,,,1.0,2.0
2017-07-01,Dhuusamarreeb,2.0,,1.0,,,1.0,4.0
2017-08-01,Dhuusamarreeb,4.0,,,,,1.0,5.0
2017-09-01,Dhuusamarreeb,1.0,,,,,1.0,2.0
2017-10-01,Dhuusamarreeb,,,2.0,,,,2.0
2017-11-01,Dhuusamarreeb,1.0,,,,,,1.0
2017-12-01,Dhuusamarreeb,2.0,,,,,,2.0
2018-01-01,Dhuusamarreeb,1.0,,,,,1.0,2.0
2018-02-01,Dhuusamarreeb,1.0,,,,,1.0,2.0
2018-03-01,Dhuusamarreeb,3.0,,,,,,3.0
2018-04-01,Dhuusamarreeb,,,,,1.0,,1.0
2018-05-01,Dhuusamarreeb,1.0,,,,,,1.0
2018-08-01,Dhuusamarreeb,1.0,,,,,,1.0
2018-09-01,Dhuusamarreeb,,,,,,1.0,1.0
2018-10-01,Dhuusamarreeb,,,,,,1.0,1.0
2018-11-01,Dhuusamarreeb,2.0,,,,,,2.0
2018-12-01,Dhuusamarreeb,1.0,,,1.0,,,2.0
2019-01-01,Dhuusamarreeb,,,,1.0,,,1.0
2019-02-01,Dhuusamarreeb,,,,,,1.0,1.0
2019-03-01,Dhuusamarreeb,,,,,,1.0,1.0
2019-04-01,Dhuusamarreeb,,,,,1.0,,1.0
2019-06-01,Dhuusamarreeb,,,,,,2.0,2.0
2019-07-01,Dhuusamarreeb,,1.0,,,,,1.0
2019-08-01,Dhuusamarreeb,1.0,,1.0,,,,2.0
2019-09-01,Dhuusamarreeb,,,1.0,,,6.0,7.0
2019-11-01,Dhuusamarreeb,2.0,,,,,,2.0
2019-12-01,Dhuusamarreeb,4.0,1.0,,,1.0,,6.0
2020-01-01,Dhuusamarreeb,2.0,,,,,2.0,4.0
2020-02-01,Dhuusamarreeb,2.0,1.0,,,1.0,,4.0
2020-03-01,Dhuusamarreeb,1.0,,,,,1.0,2.0
2020-04-01,Dhuusamarreeb,1.0,,,,,,1.0
2020-05-01,Dhuusamarreeb,2.0,,,,2.0,1.0,5.0
2020-06-01,Dhuusamarreeb,3.0,,2.0,,,1.0,6.0
2020-07-01,Dhuusamarreeb,1.0,,,,,1.0,2.0
2020-08-01,Dhuusamarreeb,2.0,1.0,1.0,,,,4.0
2020-09-01,Dhuusamarreeb,6.0,,,,1.0,2.0,9.0
2020-10-01,Dhuusamarreeb,3.0,3.0,,,,,6.0
2020-11-01,Dhuusamarreeb,5.0,5.0,,,,3.0,13.0
2020-12-01,Dhuusamarreeb,2.0,,,,1.0,2.0,5.0
2021-01-01,Dhuusamarreeb,3.0,,,,,,3.0
2021-02-01,Dhuusamarreeb,6.0,3.0,,,,1.0,10.0
2021-03-01,Dhuusamarreeb,2.0,,,,,,2.0
2021-04-01,Dhuusamarreeb,6.0,,,,,,6.0
2021-05-01,Dhuusamarreeb,2.0,,,,,,2.0
2021-06-01,Dhuusamarreeb,1.0,,1.0,,,1.0,3.0
2021-07-01,Dhuusamarreeb,4.0,,2.0,,1.0,,7.0
2021-08-01,Dhuusamarreeb,4.0,,,,,,4.0
2021-09-01,Dhuusamarreeb,4.0,,,,,1.0,5.0
2021-10-01,Dhuusamarreeb,,,,,5.0,,5.0
2016-10-01,Diinsoor,2.0,,,,,,2.0
2017-01-01,Diinsoor,6.0,,,,,3.0,9.0
2017-02-01,Diinsoor,1.0,,,,,,1.0
2017-03-01,Diinsoor,,,,,,1.0,1.0
2017-04-01,Diinsoor,,,,,,1.0,1.0
2017-05-01,Diinsoor,,,,,,1.0,1.0
2017-06-01,Diinsoor,,,,,,2.0,2.0
2017-07-01,Diinsoor,,1.0,,,,,1.0
2017-08-01,Diinsoor,,2.0,,,1.0,,3.0
2017-09-01,Diinsoor,3.0,,1.0,,,1.0,5.0
2017-10-01,Diinsoor,2.0,,,,1.0,,3.0
2017-11-01,Diinsoor,,,,,1.0,,1.0
2017-12-01,Diinsoor,1.0,,,,2.0,,3.0
2018-01-01,Diinsoor,,,,,,1.0,1.0
2018-02-01,Diinsoor,1.0,,,,1.0,,2.0
2018-03-01,Diinsoor,,,,,1.0,,1.0
2018-04-01,Diinsoor,1.0,,,,,,1.0
2018-05-01,Diinsoor,,,,,,1.0,1.0
2018-06-01,Diinsoor,1.0,,,,1.0,1.0,3.0
2018-07-01,Diinsoor,1.0,,,,,,1.0
2018-09-01,Diinsoor,2.0,,1.0,,,,3.0
2018-11-01,Diinsoor,1.0,1.0,,,,,2.0
2018-12-01,Diinsoor,,,,,,1.0,1.0
2019-01-01,Diinsoor,1.0,3.0,,,,,4.0
2019-02-01,Diinsoor,,,,,,1.0,1.0
2019-03-01,Diinsoor,,,,,,1.0,1.0
2019-04-01,Diinsoor,,,,,2.0,1.0,3.0
2019-05-01,Diinsoor,2.0,2.0,,,,,4.0
2019-07-01,Diinsoor,,,,,,1.0,1.0
2019-08-01,Diinsoor,1.0,,,,,,1.0
2019-09-01,Diinsoor,,2.0,,,,,2.0
2019-11-01,Diinsoor,3.0,,,,,,3.0
2020-01-01,Diinsoor,,1.0,,,1.0,,2.0
2020-02-01,Diinsoor,1.0,1.0,,,,,2.0
2020-03-01,Diinsoor,1.0,,,,,2.0,3.0
2020-04-01,Diinsoor,3.0,,,,1.0,,4.0
2020-05-01,Diinsoor,3.0,2.0,1.0,,,2.0,8.0
2020-06-01,Diinsoor,,,,,,1.0,1.0
2020-07-01,Diinsoor,3.0,,,,,1.0,4.0
2020-08-01,Diinsoor,2.0,1.0,,,,,3.0
2020-10-01,Diinsoor,4.0,1.0,,,,1.0,6.0
2020-12-01,Diinsoor,4.0,,,,,,4.0
2021-01-01,Diinsoor,3.0,2.0,,,,1.0,6.0
2021-03-01,Diinsoor,,,,,,1.0,1.0
2021-04-01,Diinsoor,,1.0,,,1.0,,2.0
2021-05-01,Diinsoor,,1.0,,,,,1.0
2021-06-01,Diinsoor,3.0,,,,,2.0,5.0
2021-07-01,Diinsoor,5.0,1.0,,,,,6.0
2021-08-01,Diinsoor,6.0,,,,,,6.0
2017-01-01,Doolow,,1.0,,,,,1.0
2017-03-01,Doolow,,1.0,,,,,1.0
2017-04-01,Doolow,1.0,,,,,,1.0
2017-05-01,Doolow,,1.0,,,,,1.0
2017-08-01,Doolow,1.0,,,,,2.0,3.0
2017-09-01,Doolow,,1.0,,,,,1.0
2018-05-01,Doolow,1.0,,,,,,1.0
2018-08-01,Doolow,,,,,1.0,,1.0
2018-09-01,Doolow,1.0,,,,,,1.0
2018-11-01,Doolow,,,,,,1.0,1.0
2018-12-01,Doolow,,,,1.0,,,1.0
2019-01-01,Doolow,,,,,,1.0,1.0
2019-05-01,Doolow,1.0,,,,,1.0,2.0
2019-09-01,Doolow,1.0,,1.0,,,,2.0
2020-02-01,Doolow,,,,,1.0,,1.0
2020-03-01,Doolow,1.0,,,,,1.0,2.0
2020-04-01,Doolow,,,,,,1.0,1.0
2020-06-01,Doolow,,,1.0,,,,1.0
2020-08-01,Doolow,,1.0,,,,1.0,2.0
2020-09-01,Doolow,1.0,,1.0,,,,2.0
2020-10-01,Doolow,,,1.0,,,,1.0
2020-11-01,Doolow,1.0,,1.0,,,,2.0
2021-02-01,Doolow,,,1.0,,,,1.0
2021-04-01,Doolow,2.0,,,,,,2.0
2021-05-01,Doolow,1.0,,,,,,1.0
2021-06-01,Doolow,,1.0,,,,,1.0
2021-07-01,Doolow,2.0,,,,1.0,,3.0
2017-02-01,Eyl,1.0,,,,,,1.0
2018-09-01,Eyl,1.0,,,,,,1.0
2019-12-01,Eyl,,,,,,1.0,1.0
2016-10-01,Gaalkacyo,14.0,,,1.0,,2.0,17.0
2016-11-01,Gaalkacyo,10.0,,,,,4.0,14.0
2016-12-01,Gaalkacyo,5.0,,1.0,2.0,,2.0,10.0
2017-01-01,Gaalkacyo,4.0,,,,,1.0,5.0
2017-02-01,Gaalkacyo,3.0,,,,2.0,6.0,11.0
2017-03-01,Gaalkacyo,,1.0,,,,3.0,4.0
2017-04-01,Gaalkacyo,4.0,,,,,7.0,11.0
2017-05-01,Gaalkacyo,4.0,,,,,6.0,10.0
2017-06-01,Gaalkacyo,5.0,,,,1.0,3.0,9.0
2017-07-01,Gaalkacyo,7.0,2.0,2.0,,1.0,3.0,15.0
2017-08-01,Gaalkacyo,3.0,2.0,,,,5.0,10.0
2017-09-01,Gaalkacyo,3.0,,1.0,,,10.0,14.0
2017-10-01,Gaalkacyo,7.0,2.0,2.0,,,2.0,13.0
2017-11-01,Gaalkacyo,1.0,1.0,,,,1.0,3.0
2017-12-01,Gaalkacyo,3.0,1.0,,,,4.0,8.0
2018-01-01,Gaalkacyo,,,,1.0,,1.0,2.0
2018-02-01,Gaalkacyo,3.0,1.0,,,,3.0,7.0
2018-03-01,Gaalkacyo,2.0,1.0,,,,,3.0
2018-04-01,Gaalkacyo,2.0,1.0,,,1.0,5.0,9.0
2018-05-01,Gaalkacyo,1.0,,,,,1.0,2.0
2018-06-01,Gaalkacyo,1.0,,,,,2.0,3.0
2018-07-01,Gaalkacyo,2.0,,1.0,,,4.0,7.0
2018-08-01,Gaalkacyo,,,,1.0,,1.0,2.0
2018-09-01,Gaalkacyo,3.0,,,,,2.0,5.0
2018-10-01,Gaalkacyo,,,1.0,,,3.0,4.0
2018-11-01,Gaalkacyo,1.0,1.0,1.0,2.0,1.0,4.0,10.0
2018-12-01,Gaalkacyo,,1.0,,,,2.0,3.0
2019-01-01,Gaalkacyo,,,,,,2.0,2.0
2019-02-01,Gaalkacyo,,,1.0,,,10.0,11.0
2019-03-01,Gaalkacyo,3.0,,,,,3.0,6.0
2019-05-01,Gaalkacyo,3.0,,,,,4.0,7.0
2019-06-01,Gaalkacyo,1.0,,,,,3.0,4.0
2019-07-01,Gaalkacyo,,1.0,,,,3.0,4.0
2019-08-01,Gaalkacyo,1.0,,,,,4.0,5.0
2019-09-01,Gaalkacyo,,,,,,5.0,5.0
2019-10-01,Gaalkacyo,3.0,1.0,,,,,4.0
2019-11-01,Gaalkacyo,2.0,,1.0,,,2.0,5.0
2019-12-01,Gaalkacyo,,2.0,,,,6.0,8.0
2020-01-01,Gaalkacyo,,1.0,,,,3.0,4.0
2020-02-01,Gaalkacyo,1.0,,,,,2.0,3.0
2020-03-01,Gaalkacyo,1.0,,,,1.0,3.0,5.0
2020-04-01,Gaalkacyo,,1.0,,,,2.0,3.0
2020-05-01,Gaalkacyo,8.0,2.0,,,1.0,2.0,13.0
2020-06-01,Gaalkacyo,2.0,,,,2.0,1.0,5.0
2020-07-01,Gaalkacyo,1.0,,,,,3.0,4.0
2020-08-01,Gaalkacyo,3.0,,,,,,3.0
2020-09-01,Gaalkacyo,1.0,1.0,,1.0,,1.0,4.0
2020-10-01,Gaalkacyo,,2.0,,1.0,,2.0,5.0
2020-11-01,Gaalkacyo,1.0,,,2.0,,3.0,6.0
2020-12-01,Gaalkacyo,2.0,5.0,1.0,,,,8.0
2021-01-01,Gaalkacyo,1.0,3.0,3.0,,,1.0,8.0
2021-02-01,Gaalkacyo,,,,,,3.0,3.0
2021-03-01,Gaalkacyo,1.0,2.0,1.0,,,3.0,7.0
2021-04-01,Gaalkacyo,1.0,,,,,3.0,4.0
2021-05-01,Gaalkacyo,,2.0,2.0,,,1.0,5.0
2021-06-01,Gaalkacyo,1.0,,,,1.0,2.0,4.0
2021-07-01,Gaalkacyo,3.0,1.0,1.0,,,1.0,6.0
2021-08-01,Gaalkacyo,1.0,,2.0,,,,3.0
2021-09-01,Gaalkacyo,,,,,,1.0,1.0
2016-10-01,Galdogob,,,,,,1.0,1.0
2016-12-01,Galdogob,1.0,,,,,,1.0
2017-08-01,Galdogob,1.0,,,,,,1.0
2017-10-01,Galdogob,,,1.0,,,,1.0
2017-11-01,Galdogob,,,,,1.0,,1.0
2018-01-01,Galdogob,1.0,,,,,,1.0
2018-08-01,Galdogob,1.0,,,,,,1.0
2019-02-01,Galdogob,,,,,,1.0,1.0
2020-01-01,Galdogob,,,,,,1.0,1.0
2020-07-01,Galdogob,1.0,,,,1.0,,2.0
2020-09-01,Galdogob,1.0,,,,,,1.0
2020-11-01,Galdogob,3.0,,,,,,3.0
2021-02-01,Galdogob,,,,,,2.0,2.0
2021-07-01,Galdogob,,,,,,2.0,2.0
2021-09-01,Galdogob,,,,,,1.0,1.0
2016-10-01,Garbahaarey,,1.0,,,,1.0,2.0
2016-12-01,Garbahaarey,,,,,,1.0,1.0
2017-01-01,Garbahaarey,1.0,,,,,,1.0
2017-02-01,Garbahaarey,1.0,,,,,,1.0
2017-03-01,Garbahaarey,,1.0,,,,,1.0
2017-04-01,Garbahaarey,,1.0,,,,1.0,2.0
2017-05-01,Garbahaarey,1.0,3.0,,,1.0,,5.0
2017-07-01,Garbahaarey,,4.0,,,,,4.0
2017-08-01,Garbahaarey,1.0,,,,2.0,,3.0
2017-09-01,Garbahaarey,2.0,1.0,,,,,3.0
2017-10-01,Garbahaarey,1.0,,2.0,,,,3.0
2017-11-01,Garbahaarey,,,,,1.0,,1.0
2017-12-01,Garbahaarey,2.0,2.0,,,,1.0,5.0
2018-01-01,Garbahaarey,1.0,,,,,1.0,2.0
2018-03-01,Garbahaarey,2.0,,,,,,2.0
2018-04-01,Garbahaarey,1.0,,,,,1.0,2.0
2018-05-01,Garbahaarey,1.0,,,,,1.0,2.0
2018-06-01,Garbahaarey,,1.0,,,,,1.0
2018-07-01,Garbahaarey,,1.0,,,,,1.0
2018-08-01,Garbahaarey,2.0,,2.0,,,,4.0
2018-09-01,Garbahaarey,,2.0,1.0,,,,3.0
2018-10-01,Garbahaarey,1.0,4.0,,,1.0,,6.0
2018-11-01,Garbahaarey,1.0,,2.0,,,1.0,4.0
2018-12-01,Garbahaarey,3.0,,1.0,,,,4.0
2019-01-01,Garbahaarey,1.0,,2.0,,,,3.0
2019-02-01,Garbahaarey,,1.0,,,,1.0,2.0
2019-03-01,Garbahaarey,1.0,,,,,,1.0
2019-04-01,Garbahaarey,2.0,,,,,,2.0
2019-05-01,Garbahaarey,2.0,,,,,1.0,3.0
2019-07-01,Garbahaarey,1.0,1.0,,,,,2.0
2019-09-01,Garbahaarey,1.0,,,,,,1.0
2019-10-01,Garbahaarey,1.0,,,,,,1.0
2019-11-01,Garbahaarey,1.0,,1.0,,,,2.0
2019-12-01,Garbahaarey,1.0,,,,,,1.0
2020-03-01,Garbahaarey,,2.0,,,,,2.0
2020-05-01,Garbahaarey,1.0,1.0,,,,,2.0
2020-06-01,Garbahaarey,1.0,1.0,,,,,2.0
2020-07-01,Garbahaarey,,1.0,,,,,1.0
2020-08-01,Garbahaarey,2.0,1.0,,,,1.0,4.0
2020-09-01,Garbahaarey,,,2.0,,,,2.0
2020-10-01,Garbahaarey,2.0,,,,,1.0,3.0
2020-11-01,Garbahaarey,1.0,,2.0,,,1.0,4.0
2020-12-01,Garbahaarey,4.0,,,,,2.0,6.0
2021-01-01,Garbahaarey,,1.0,,,,,1.0
2021-02-01,Garbahaarey,,1.0,2.0,,,1.0,4.0
2021-03-01,Garbahaarey,1.0,,,,,1.0,2.0
2021-05-01,Garbahaarey,2.0,,,,,,2.0
2021-06-01,Garbahaarey,,2.0,1.0,,,,3.0
2021-07-01,Garbahaarey,1.0,,,,,,1.0
2021-08-01,Garbahaarey,1.0,,,,,,1.0
2021-10-01,Garbahaarey,,1.0,,,,,1.0
2016-10-01,Garoowe,1.0,,1.0,,,2.0,4.0
2016-11-01,Garoowe,,,1.0,,,4.0,5.0
2016-12-01,Garoowe,,,,,1.0,,1.0
2017-01-01,Garoowe,,,1.0,1.0,1.0,1.0,4.0
2017-02-01,Garoowe,,,,2.0,,,2.0
2017-03-01,Garoowe,1.0,,,1.0,,,2.0
2017-04-01,Garoowe,1.0,,1.0,1.0,,1.0,4.0
2017-05-01,Garoowe,1.0,,,,,,1.0
2017-06-01,Garoowe,,1.0,,,,,1.0
2017-07-01,Garoowe,1.0,,,,,,1.0
2017-08-01,Garoowe,1.0,,1.0,,,,2.0
2017-09-01,Garoowe,3.0,,,,,1.0,4.0
2017-10-01,Garoowe,2.0,,,,1.0,4.0,7.0
2017-11-01,Garoowe,1.0,,,,,1.0,2.0
2017-12-01,Garoowe,2.0,,,,,,2.0
2018-01-01,Garoowe,,,,1.0,,,1.0
2018-02-01,Garoowe,1.0,,,,1.0,2.0,4.0
2018-03-01,Garoowe,3.0,,,1.0,,,4.0
2018-04-01,Garoowe,2.0,,,,,1.0,3.0
2018-05-01,Garoowe,2.0,,1.0,,,1.0,4.0
2018-06-01,Garoowe,,,1.0,,1.0,,2.0
2018-09-01,Garoowe,2.0,,,,,1.0,3.0
2018-10-01,Garoowe,,,2.0,,,2.0,4.0
2018-11-01,Garoowe,,,1.0,,,3.0,4.0
2018-12-01,Garoowe,,,1.0,,,1.0,2.0
2019-01-01,Garoowe,,,1.0,1.0,1.0,1.0,4.0
2019-02-01,Garoowe,1.0,,,,,1.0,2.0
2019-03-01,Garoowe,,,,,,1.0,1.0
2019-04-01,Garoowe,,,2.0,,,,2.0
2019-05-01,Garoowe,,,,,,2.0,2.0
2019-06-01,Garoowe,1.0,,,,,1.0,2.0
2019-07-01,Garoowe,1.0,,,,,,1.0
2019-08-01,Garoowe,,,1.0,,,,1.0
2019-09-01,Garoowe,2.0,,,,,,2.0
2019-11-01,Garoowe,1.0,,1.0,,,,2.0
2019-12-01,Garoowe,1.0,,,,,1.0,2.0
2020-01-01,Garoowe,,1.0,,,,2.0,3.0
2020-02-01,Garoowe,1.0,,,,,3.0,4.0
2020-03-01,Garoowe,1.0,1.0,1.0,,1.0,,4.0
2020-04-01,Garoowe,1.0,,1.0,,,,2.0
2020-05-01,Garoowe,2.0,,1.0,,,,3.0
2020-06-01,Garoowe,,,,,,1.0,1.0
2020-07-01,Garoowe,1.0,,4.0,,,,5.0
2020-08-01,Garoowe,,,,,,1.0,1.0
2020-09-01,Garoowe,1.0,,,,,1.0,2.0
2020-10-01,Garoowe,,,1.0,,,1.0,2.0
2020-11-01,Garoowe,,,2.0,,,,2.0
2020-12-01,Garoowe,,,2.0,,,,2.0
2021-03-01,Garoowe,,,,,,2.0,2.0
2021-05-01,Garoowe,1.0,,,,,1.0,2.0
2021-06-01,Garoowe,,,,,,2.0,2.0
2021-07-01,Garoowe,,,,,,1.0,1.0
2021-08-01,Garoowe,,,,,,1.0,1.0
2021-09-01,Garoowe,,,1.0,,,1.0,2.0
2021-10-01,Garoowe,1.0,,,,,,1.0
2016-10-01,Gebiley,,,1.0,2.0,,,3.0
2017-01-01,Gebiley,1.0,,,,,,1.0
2017-02-01,Gebiley,,,1.0,,1.0,,2.0
2017-07-01,Gebiley,,,1.0,,,,1.0
2018-04-01,Gebiley,,,1.0,,,,1.0
2018-05-01,Gebiley,,,,,,1.0,1.0
2018-12-01,Gebiley,1.0,,,,,,1.0
2019-02-01,Gebiley,,,1.0,,,,1.0
2019-12-01,Gebiley,,,,,,1.0,1.0
2020-02-01,Gebiley,,,1.0,,,,1.0
2020-08-01,Gebiley,,,1.0,,,,1.0
2021-06-01,Gebiley,,,1.0,1.0,,,2.0
2021-07-01,Gebiley,,,1.0,,,,1.0
2016-10-01,Hargeysa,,,1.0,2.0,,,3.0
2016-11-01,Hargeysa,,,,,1.0,1.0,2.0
2016-12-01,Hargeysa,,,1.0,,1.0,3.0,5.0
2017-01-01,Hargeysa,,,,3.0,,,3.0
2017-02-01,Hargeysa,,,1.0,2.0,,,3.0
2017-03-01,Hargeysa,2.0,,,,,,2.0
2017-04-01,Hargeysa,,,2.0,1.0,1.0,,4.0
2017-05-01,Hargeysa,1.0,,,,1.0,,2.0
2017-06-01,Hargeysa,1.0,,,1.0,,1.0,3.0
2017-08-01,Hargeysa,,,,1.0,1.0,1.0,3.0
2017-09-01,Hargeysa,1.0,,2.0,1.0,2.0,1.0,7.0
2017-10-01,Hargeysa,2.0,,,5.0,,2.0,9.0
2017-11-01,Hargeysa,,,1.0,7.0,,1.0,9.0
2018-01-01,Hargeysa,,,,,,1.0,1.0
2018-02-01,Hargeysa,,,1.0,1.0,,2.0,4.0
2018-03-01,Hargeysa,,,1.0,1.0,,1.0,3.0
2018-04-01,Hargeysa,,,2.0,,,1.0,3.0
2018-05-01,Hargeysa,,,,1.0,,1.0,2.0
2018-06-01,Hargeysa,,,1.0,,,1.0,2.0
2018-07-01,Hargeysa,,,,,,1.0,1.0
2018-08-01,Hargeysa,,,,,1.0,1.0,2.0
2018-09-01,Hargeysa,,,,,,1.0,1.0
2018-10-01,Hargeysa,,,,,3.0,1.0,4.0
2018-11-01,Hargeysa,,,2.0,,4.0,2.0,8.0
2019-02-01,Hargeysa,,,1.0,1.0,1.0,2.0,5.0
2019-03-01,Hargeysa,1.0,,1.0,,,1.0,3.0
2019-04-01,Hargeysa,,,2.0,,,2.0,4.0
2019-05-01,Hargeysa,,,1.0,,,,1.0
2019-06-01,Hargeysa,1.0,,,,,1.0,2.0
2019-08-01,Hargeysa,,,,,1.0,2.0,3.0
2019-09-01,Hargeysa,,,,,,1.0,1.0
2019-10-01,Hargeysa,,,,,,1.0,1.0
2019-11-01,Hargeysa,1.0,,1.0,1.0,,,3.0
2019-12-01,Hargeysa,,,1.0,,,,1.0
2020-02-01,Hargeysa,,,1.0,,,,1.0
2020-03-01,Hargeysa,,,,,2.0,,2.0
2020-05-01,Hargeysa,,,2.0,,,2.0,4.0
2020-06-01,Hargeysa,,,1.0,,,,1.0
2020-08-01,Hargeysa,,,2.0,,,,2.0
2020-10-01,Hargeysa,,,,,,1.0,1.0
2020-11-01,Hargeysa,,,1.0,,,,1.0
2021-07-01,Hargeysa,,,1.0,,,,1.0
2021-09-01,Hargeysa,1.0,,,,,,1.0
2017-01-01,Hobyo,,,,,,1.0,1.0
2017-02-01,Hobyo,4.0,,,,,,4.0
2017-03-01,Hobyo,,,,,,3.0,3.0
2017-04-01,Hobyo,1.0,,,,,,1.0
2017-05-01,Hobyo,,,,,,1.0,1.0
2017-06-01,Hobyo,,,,,,2.0,2.0
2017-08-01,Hobyo,,,,,,1.0,1.0
2017-10-01,Hobyo,,,,,,1.0,1.0
2017-11-01,Hobyo,,,,,,1.0,1.0
2017-12-01,Hobyo,1.0,,,,,,1.0
2018-04-01,Hobyo,,,,,1.0,,1.0
2018-05-01,Hobyo,,,,,,1.0,1.0
2018-07-01,Hobyo,6.0,,,,,,6.0
2018-10-01,Hobyo,,,,,,2.0,2.0
2018-11-01,Hobyo,1.0,2.0,,,,1.0,4.0
2018-12-01,Hobyo,,,,,,1.0,1.0
2019-05-01,Hobyo,,,,,,1.0,1.0
2019-07-01,Hobyo,1.0,,,,,,1.0
2019-09-01,Hobyo,,,,,,1.0,1.0
2019-12-01,Hobyo,2.0,,,,,,2.0
2020-06-01,Hobyo,,1.0,,,,,1.0
2020-07-01,Hobyo,1.0,,,,,,1.0
2020-08-01,Hobyo,1.0,,,,,,1.0
2020-10-01,Hobyo,,,1.0,,,1.0,2.0
2020-11-01,Hobyo,2.0,,,,,,2.0
2021-01-01,Hobyo,1.0,,,,,,1.0
2021-02-01,Hobyo,1.0,,,,,,1.0
2021-03-01,Hobyo,1.0,,,,,,1.0
2021-04-01,Hobyo,1.0,,,,,,1.0
2021-05-01,Hobyo,1.0,,,,,,1.0
2021-06-01,Hobyo,1.0,,,,1.0,1.0,3.0
2021-07-01,Hobyo,5.0,5.0,,,1.0,1.0,12.0
2021-08-01,Hobyo,1.0,4.0,,,1.0,,6.0
2016-10-01,Iskushuban,1.0,,,,1.0,1.0,3.0
2016-12-01,Iskushuban,,,,,,1.0,1.0
2017-01-01,Iskushuban,1.0,1.0,,,,,2.0
2017-06-01,Iskushuban,1.0,1.0,,,,,2.0
2017-09-01,Iskushuban,2.0,3.0,,,,,5.0
2017-10-01,Iskushuban,,2.0,,,,1.0,3.0
2017-11-01,Iskushuban,2.0,1.0,,,,,3.0
2017-12-01,Iskushuban,3.0,2.0,,,,2.0,7.0
2018-01-01,Iskushuban,,1.0,,,,2.0,3.0
2018-03-01,Iskushuban,1.0,1.0,,,,1.0,3.0
2018-05-01,Iskushuban,1.0,,,,1.0,,2.0
2018-07-01,Iskushuban,,,,,1.0,,1.0
2018-08-01,Iskushuban,,,,,1.0,,1.0
2018-10-01,Iskushuban,1.0,1.0,,,,,2.0
2019-01-01,Iskushuban,1.0,1.0,,,,,2.0
2019-02-01,Iskushuban,,,,,,1.0,1.0
2019-04-01,Iskushuban,,1.0,,,,,1.0
2019-06-01,Iskushuban,2.0,1.0,,,1.0,,4.0
2019-09-01,Iskushuban,,1.0,,,,,1.0
2019-11-01,Iskushuban,3.0,1.0,,,,1.0,5.0
2020-03-01,Iskushuban,,2.0,,,,,2.0
2020-04-01,Iskushuban,,1.0,,,,,1.0
2020-05-01,Iskushuban,2.0,,,,,,2.0
2020-06-01,Iskushuban,,2.0,,,,,2.0
2020-07-01,Iskushuban,1.0,1.0,,,,,2.0
2020-12-01,Iskushuban,,2.0,,,,1.0,3.0
2021-01-01,Iskushuban,2.0,,,,,,2.0
2021-03-01,Iskushuban,,,1.0,,,,1.0
2021-04-01,Iskushuban,1.0,,,,,,1.0
2021-09-01,Iskushuban,,1.0,,,,,1.0
2016-10-01,Jalalaqsi,,1.0,,,,,1.0
2016-12-01,Jalalaqsi,,2.0,,,,1.0,3.0
2017-01-01,Jalalaqsi,1.0,,,,,,1.0
2017-03-01,Jalalaqsi,,,,,,1.0,1.0
2017-04-01,Jalalaqsi,1.0,,,,,,1.0
2017-05-01,Jalalaqsi,,,,,1.0,,1.0
2017-06-01,Jalalaqsi,3.0,2.0,,,,1.0,6.0
2017-07-01,Jalalaqsi,2.0,4.0,,,,,6.0
2017-08-01,Jalalaqsi,2.0,2.0,,,,1.0,5.0
2017-09-01,Jalalaqsi,3.0,,,,1.0,,4.0
2017-11-01,Jalalaqsi,,,,,,1.0,1.0
2018-01-01,Jalalaqsi,2.0,,,,,,2.0
2018-02-01,Jalalaqsi,4.0,,,,2.0,,6.0
2018-03-01,Jalalaqsi,,1.0,,,,,1.0
2018-04-01,Jalalaqsi,2.0,,,,,,2.0
2018-05-01,Jalalaqsi,4.0,,,,,1.0,5.0
2018-06-01,Jalalaqsi,1.0,1.0,,,,,2.0
2018-07-01,Jalalaqsi,,1.0,,,,2.0,3.0
2018-08-01,Jalalaqsi,3.0,1.0,,,,,4.0
2018-09-01,Jalalaqsi,,,,,,1.0,1.0
2018-10-01,Jalalaqsi,,1.0,,,3.0,,4.0
2018-11-01,Jalalaqsi,1.0,,,,1.0,1.0,3.0
2018-12-01,Jalalaqsi,1.0,,,,1.0,1.0,3.0
2019-01-01,Jalalaqsi,2.0,,,,1.0,1.0,4.0
2019-02-01,Jalalaqsi,5.0,1.0,,,,,6.0
2019-05-01,Jalalaqsi,,,,,1.0,1.0,2.0
2019-06-01,Jalalaqsi,2.0,,,,1.0,1.0,4.0
2019-07-01,Jalalaqsi,1.0,,,,,,1.0
2019-08-01,Jalalaqsi,1.0,1.0,,,,1.0,3.0
2019-09-01,Jalalaqsi,1.0,1.0,,,,1.0,3.0
2019-10-01,Jalalaqsi,2.0,2.0,,,,,4.0
2019-11-01,Jalalaqsi,,,,,1.0,,1.0
2019-12-01,Jalalaqsi,1.0,,,,,,1.0
2020-01-01,Jalalaqsi,,1.0,,,,1.0,2.0
2020-03-01,Jalalaqsi,1.0,,,,,,1.0
2020-04-01,Jalalaqsi,,,,,,1.0,1.0
2020-05-01,Jalalaqsi,1.0,,,,,1.0,2.0
2020-07-01,Jalalaqsi,1.0,,,,,2.0,3.0
2020-09-01,Jalalaqsi,1.0,,,,,1.0,2.0
2020-10-01,Jalalaqsi,,,1.0,,,,1.0
2020-11-01,Jalalaqsi,5.0,,,,,1.0,6.0
2020-12-01,Jalalaqsi,1.0,1.0,,,,,2.0
2021-01-01,Jalalaqsi,3.0,,,,,,3.0
2021-02-01,Jalalaqsi,5.0,,,,,,5.0
2021-03-01,Jalalaqsi,3.0,,,,,,3.0
2021-04-01,Jalalaqsi,1.0,,,,,,1.0
2021-05-01,Jalalaqsi,5.0,,,,,,5.0
2016-11-01,Jamaame,1.0,,,,,,1.0
2016-12-01,Jamaame,,,,,,1.0,1.0
2017-02-01,Jamaame,,,,,,1.0,1.0
2017-03-01,Jamaame,1.0,1.0,,,,,2.0
2017-08-01,Jamaame,,,,,,1.0,1.0
2017-10-01,Jamaame,1.0,,,,,,1.0
2018-01-01,Jamaame,3.0,1.0,,,,,4.0
2018-02-01,Jamaame,1.0,1.0,,,,,2.0
2018-03-01,Jamaame,3.0,2.0,,,,,5.0
2018-04-01,Jamaame,1.0,1.0,,,,,2.0
2018-05-01,Jamaame,1.0,,,,,,1.0
2018-06-01,Jamaame,3.0,4.0,,,,,7.0
2018-07-01,Jamaame,4.0,,,,,,4.0
2018-08-01,Jamaame,,1.0,,,,,1.0
2018-09-01,Jamaame,1.0,,,,,,1.0
2018-10-01,Jamaame,4.0,2.0,,,,,6.0
2018-11-01,Jamaame,2.0,,,,,,2.0
2019-02-01,Jamaame,1.0,,,,,,1.0
2019-03-01,Jamaame,1.0,1.0,,,,,2.0
2019-04-01,Jamaame,,1.0,,,,,1.0
2019-06-01,Jamaame,2.0,,,,,,2.0
2019-07-01,Jamaame,,1.0,,,,1.0,2.0
2019-08-01,Jamaame,1.0,,,,,,1.0
2019-09-01,Jamaame,1.0,1.0,,,,,2.0
2019-10-01,Jamaame,1.0,1.0,,,,,2.0
2019-12-01,Jamaame,1.0,,,,,,1.0
2020-01-01,Jamaame,1.0,1.0,,,,1.0,3.0
2020-02-01,Jamaame,1.0,,,,,,1.0
2020-04-01,Jamaame,,2.0,,,,1.0,3.0
2020-05-01,Jamaame,1.0,2.0,,,,,3.0
2020-06-01,Jamaame,1.0,,,,,,1.0
2020-07-01,Jamaame,3.0,,,,,,3.0
2020-08-01,Jamaame,2.0,,,,,,2.0
2020-09-01,Jamaame,1.0,,,,,,1.0
2020-11-01,Jamaame,1.0,,,,,,1.0
2020-12-01,Jamaame,1.0,,,,,,1.0
2021-01-01,Jamaame,1.0,2.0,,,,1.0,4.0
2021-02-01,Jamaame,4.0,1.0,,,,,5.0
2021-04-01,Jamaame,3.0,,,,,,3.0
2021-07-01,Jamaame,1.0,,,,,,1.0
2021-08-01,Jamaame,,,,,,1.0,1.0
2021-10-01,Jamaame,,,,,,2.0,2.0
2018-11-01,Jariiban,,,,,,1.0,1.0
2018-12-01,Jariiban,,,,,,1.0,1.0
2019-01-01,Jariiban,1.0,,,,,,1.0
2019-02-01,Jariiban,,,,,,2.0,2.0
2019-05-01,Jariiban,1.0,,,,,,1.0
2019-07-01,Jariiban,1.0,,,,,1.0,2.0
2019-09-01,Jariiban,,,,,,1.0,1.0
2019-11-01,Jariiban,,,,,,1.0,1.0
2019-12-01,Jariiban,1.0,,,,,1.0,2.0
2020-03-01,Jariiban,,,,,,1.0,1.0
2021-07-01,Jariiban,1.0,,,,,1.0,2.0
2016-10-01,Jilib,,1.0,,,,1.0,2.0
2016-11-01,Jilib,1.0,,,,1.0,1.0,3.0
2016-12-01,Jilib,,2.0,,,,,2.0
2017-01-01,Jilib,,,,,,1.0,1.0
2017-04-01,Jilib,,1.0,,,,,1.0
2017-06-01,Jilib,,1.0,,,,,1.0
2017-07-01,Jilib,2.0,1.0,,,,1.0,4.0
2017-08-01,Jilib,,1.0,,,,,1.0
2017-09-01,Jilib,,1.0,,,,,1.0
2017-11-01,Jilib,1.0,,,,,,1.0
2018-02-01,Jilib,1.0,4.0,,,2.0,3.0,10.0
2018-03-01,Jilib,,1.0,,,,,1.0
2018-04-01,Jilib,,2.0,,,,,2.0
2018-06-01,Jilib,1.0,,,,1.0,,2.0
2018-08-01,Jilib,2.0,1.0,,,,1.0,4.0
2018-09-01,Jilib,,1.0,,,,,1.0
2018-10-01,Jilib,,1.0,,,,1.0,2.0
2018-11-01,Jilib,1.0,,,,,,1.0
2018-12-01,Jilib,1.0,1.0,,,,,2.0
2019-01-01,Jilib,,2.0,,,,,2.0
2019-02-01,Jilib,,1.0,,,,1.0,2.0
2019-04-01,Jilib,,1.0,,,,,1.0
2019-05-01,Jilib,1.0,1.0,,,,,2.0
2019-06-01,Jilib,2.0,4.0,,,,,6.0
2019-07-01,Jilib,,2.0,,,,,2.0
2019-08-01,Jilib,,3.0,,,,,3.0
2019-09-01,Jilib,1.0,2.0,,,,,3.0
2019-11-01,Jilib,,6.0,,,,,6.0
2019-12-01,Jilib,,1.0,,,,,1.0
2020-01-01,Jilib,,3.0,,,1.0,,4.0
2020-02-01,Jilib,,5.0,,,,,5.0
2020-03-01,Jilib,,2.0,,,,,2.0
2020-04-01,Jilib,1.0,1.0,,,,,2.0
2020-05-01,Jilib,,3.0,,,,,3.0
2020-07-01,Jilib,1.0,1.0,,,2.0,,4.0
2020-09-01,Jilib,,1.0,,,,1.0,2.0
2020-11-01,Jilib,,,1.0,,,1.0,2.0
2020-12-01,Jilib,1.0,1.0,,,,,2.0
2021-01-01,Jilib,,1.0,,,1.0,,2.0
2021-02-01,Jilib,,,,,,2.0,2.0
2021-03-01,Jilib,,1.0,,,,1.0,2.0
2021-06-01,Jilib,,,,,,2.0,2.0
2016-10-01,Jowhar,3.0,2.0,,,1.0,,6.0
2016-11-01,Jowhar,6.0,5.0,1.0,,1.0,1.0,14.0
2016-12-01,Jowhar,7.0,5.0,,,1.0,,13.0
2017-01-01,Jowhar,9.0,10.0,,,,2.0,21.0
2017-02-01,Jowhar,2.0,2.0,,,2.0,,6.0
2017-03-01,Jowhar,3.0,6.0,,,2.0,4.0,15.0
2017-04-01,Jowhar,2.0,2.0,2.0,,,5.0,11.0
2017-05-01,Jowhar,2.0,9.0,,,,2.0,13.0
2017-06-01,Jowhar,9.0,11.0,,,1.0,1.0,22.0
2017-07-01,Jowhar,1.0,3.0,,,1.0,1.0,6.0
2017-08-01,Jowhar,8.0,13.0,,,2.0,3.0,26.0
2017-09-01,Jowhar,5.0,5.0,,,1.0,1.0,12.0
2017-10-01,Jowhar,1.0,4.0,,,1.0,6.0,12.0
2017-11-01,Jowhar,1.0,1.0,,,,1.0,3.0
2017-12-01,Jowhar,2.0,,,,,1.0,3.0
2018-01-01,Jowhar,6.0,,,,1.0,1.0,8.0
2018-02-01,Jowhar,2.0,,,,1.0,,3.0
2018-03-01,Jowhar,10.0,,,,2.0,1.0,13.0
2018-04-01,Jowhar,1.0,4.0,,,5.0,,10.0
2018-05-01,Jowhar,3.0,,,,,1.0,4.0
2018-07-01,Jowhar,3.0,,,,,5.0,8.0
2018-08-01,Jowhar,1.0,1.0,,,,,2.0
2018-09-01,Jowhar,2.0,1.0,,,,2.0,5.0
2018-10-01,Jowhar,4.0,1.0,,,1.0,2.0,8.0
2018-11-01,Jowhar,2.0,1.0,,,,1.0,4.0
2018-12-01,Jowhar,,2.0,,,2.0,3.0,7.0
2019-01-01,Jowhar,3.0,2.0,,,1.0,1.0,7.0
2019-02-01,Jowhar,2.0,2.0,,,,,4.0
2019-03-01,Jowhar,2.0,2.0,,,2.0,,6.0
2019-04-01,Jowhar,,3.0,,,1.0,3.0,7.0
2019-05-01,Jowhar,3.0,3.0,1.0,,,,7.0
2019-06-01,Jowhar,5.0,3.0,1.0,,1.0,6.0,16.0
2019-07-01,Jowhar,1.0,2.0,,,1.0,3.0,7.0
2019-08-01,Jowhar,4.0,1.0,1.0,,1.0,2.0,9.0
2019-09-01,Jowhar,2.0,5.0,,,3.0,2.0,12.0
2019-10-01,Jowhar,2.0,,1.0,,1.0,4.0,8.0
2019-11-01,Jowhar,3.0,,,,1.0,1.0,5.0
2019-12-01,Jowhar,3.0,3.0,,,1.0,2.0,9.0
2020-01-01,Jowhar,1.0,3.0,,,2.0,3.0,9.0
2020-02-01,Jowhar,6.0,4.0,,,1.0,2.0,13.0
2020-03-01,Jowhar,5.0,6.0,,,1.0,1.0,13.0
2020-04-01,Jowhar,3.0,4.0,,,,2.0,9.0
2020-05-01,Jowhar,,1.0,,,,2.0,3.0
2020-06-01,Jowhar,7.0,2.0,,,,,9.0
2020-07-01,Jowhar,2.0,2.0,,,,3.0,7.0
2020-08-01,Jowhar,3.0,,,,2.0,2.0,7.0
2020-09-01,Jowhar,1.0,1.0,,,,1.0,3.0
2020-10-01,Jowhar,1.0,3.0,1.0,,2.0,2.0,9.0
2020-11-01,Jowhar,1.0,3.0,,,,1.0,5.0
2020-12-01,Jowhar,3.0,7.0,,,,1.0,11.0
2021-01-01,Jowhar,2.0,,,,1.0,,3.0
2021-02-01,Jowhar,2.0,4.0,,,,1.0,7.0
2021-03-01,Jowhar,7.0,3.0,,,,,10.0
2021-04-01,Jowhar,5.0,2.0,,,1.0,,8.0
2021-05-01,Jowhar,13.0,3.0,2.0,,,1.0,19.0
2021-06-01,Jowhar,9.0,6.0,,,1.0,1.0,17.0
2021-07-01,Jowhar,1.0,2.0,,,1.0,2.0,6.0
2021-08-01,Jowhar,1.0,2.0,,,,,3.0
2021-09-01,Jowhar,3.0,7.0,,,,1.0,11.0
2021-10-01,Jowhar,,1.0,,,,,1.0
2016-10-01,Kismaayo,3.0,2.0,,,1.0,1.0,7.0
2016-11-01,Kismaayo,4.0,4.0,,,,3.0,11.0
2016-12-01,Kismaayo,15.0,3.0,,,5.0,5.0,28.0
2017-01-01,Kismaayo,5.0,8.0,,,5.0,1.0,19.0
2017-02-01,Kismaayo,1.0,3.0,,,4.0,1.0,9.0
2017-03-01,Kismaayo,3.0,2.0,,,3.0,1.0,9.0
2017-04-01,Kismaayo,2.0,2.0,,2.0,2.0,,8.0
2017-05-01,Kismaayo,,5.0,,,,,5.0
2017-06-01,Kismaayo,5.0,3.0,,,,2.0,10.0
2017-07-01,Kismaayo,5.0,8.0,,,2.0,,15.0
2017-08-01,Kismaayo,1.0,9.0,,,,1.0,11.0
2017-09-01,Kismaayo,3.0,4.0,1.0,,,4.0,12.0
2017-10-01,Kismaayo,8.0,2.0,1.0,,,5.0,16.0
2017-11-01,Kismaayo,1.0,2.0,,,,2.0,5.0
2017-12-01,Kismaayo,,2.0,,,1.0,,3.0
2018-01-01,Kismaayo,4.0,2.0,1.0,1.0,2.0,,10.0
2018-02-01,Kismaayo,7.0,1.0,,1.0,,1.0,10.0
2018-03-01,Kismaayo,7.0,3.0,,,,1.0,11.0
2018-04-01,Kismaayo,11.0,2.0,,,,1.0,14.0
2018-05-01,Kismaayo,2.0,3.0,,,,,5.0
2018-06-01,Kismaayo,8.0,1.0,,,,,9.0
2018-07-01,Kismaayo,4.0,1.0,,,2.0,,7.0
2018-08-01,Kismaayo,7.0,,,,,1.0,8.0
2018-09-01,Kismaayo,4.0,,,,1.0,4.0,9.0
2018-10-01,Kismaayo,3.0,2.0,,,,3.0,8.0
2018-11-01,Kismaayo,4.0,3.0,,,1.0,3.0,11.0
2018-12-01,Kismaayo,1.0,1.0,,,1.0,3.0,6.0
2019-01-01,Kismaayo,3.0,4.0,,,,1.0,8.0
2019-02-01,Kismaayo,2.0,4.0,,,2.0,2.0,10.0
2019-03-01,Kismaayo,3.0,2.0,,,1.0,2.0,8.0
2019-04-01,Kismaayo,2.0,1.0,,,,,3.0
2019-05-01,Kismaayo,6.0,4.0,,,,,10.0
2019-06-01,Kismaayo,,,,,,2.0,2.0
2019-07-01,Kismaayo,4.0,2.0,,,1.0,1.0,8.0
2019-08-01,Kismaayo,5.0,5.0,1.0,,,1.0,12.0
2019-09-01,Kismaayo,3.0,3.0,,,,1.0,7.0
2019-10-01,Kismaayo,2.0,5.0,1.0,,1.0,2.0,11.0
2019-11-01,Kismaayo,2.0,5.0,,,1.0,4.0,12.0
2019-12-01,Kismaayo,10.0,4.0,1.0,,1.0,1.0,17.0
2020-01-01,Kismaayo,7.0,1.0,,,,,8.0
2020-02-01,Kismaayo,7.0,3.0,1.0,,1.0,1.0,13.0
2020-03-01,Kismaayo,8.0,1.0,,,2.0,2.0,13.0
2020-04-01,Kismaayo,3.0,1.0,,,,2.0,6.0
2020-05-01,Kismaayo,5.0,,,,,1.0,6.0
2020-06-01,Kismaayo,2.0,1.0,,,1.0,,4.0
2020-07-01,Kismaayo,5.0,9.0,,,,,14.0
2020-08-01,Kismaayo,15.0,2.0,,,1.0,2.0,20.0
2020-09-01,Kismaayo,4.0,5.0,,,,,9.0
2020-10-01,Kismaayo,8.0,4.0,,,,,12.0
2020-11-01,Kismaayo,5.0,2.0,1.0,,,4.0,12.0
2020-12-01,Kismaayo,9.0,2.0,,,1.0,4.0,16.0
2021-01-01,Kismaayo,11.0,4.0,,,,1.0,16.0
2021-02-01,Kismaayo,5.0,3.0,,,,1.0,9.0
2021-03-01,Kismaayo,7.0,1.0,,,,,8.0
2021-04-01,Kismaayo,8.0,1.0,,,,,9.0
2021-05-01,Kismaayo,5.0,2.0,,,1.0,,8.0
2021-06-01,Kismaayo,4.0,1.0,,,,,5.0
2021-07-01,Kismaayo,6.0,5.0,,,,,11.0
2021-08-01,Kismaayo,7.0,3.0,,,,1.0,11.0
2021-09-01,Kismaayo,5.0,5.0,1.0,,,3.0,14.0
2021-10-01,Kismaayo,2.0,,,,,,2.0
2016-12-01,Kurtunwaarey,,,,,,1.0,1.0
2017-01-01,Kurtunwaarey,,,,,1.0,1.0,2.0
2017-02-01,Kurtunwaarey,,1.0,,,,,1.0
2017-04-01,Kurtunwaarey,,1.0,,,,1.0,2.0
2017-05-01,Kurtunwaarey,,1.0,,,,1.0,2.0
2017-10-01,Kurtunwaarey,1.0,,,,,,1.0
2017-11-01,Kurtunwaarey,,,,,3.0,,3.0
2018-01-01,Kurtunwaarey,,,,,,1.0,1.0
2018-02-01,Kurtunwaarey,1.0,,,,1.0,,2.0
2018-03-01,Kurtunwaarey,2.0,,,,,,2.0
2019-02-01,Kurtunwaarey,1.0,,,,,,1.0
2019-04-01,Kurtunwaarey,,1.0,,,,,1.0
2019-07-01,Kurtunwaarey,,,,,,1.0,1.0
2020-08-01,Kurtunwaarey,2.0,1.0,,,,,3.0
2020-09-01,Kurtunwaarey,1.0,,,,,,1.0
2020-11-01,Kurtunwaarey,,,1.0,,,,1.0
2020-12-01,Kurtunwaarey,,,,,,1.0,1.0
2021-01-01,Kurtunwaarey,,1.0,,,,,1.0
2021-03-01,Kurtunwaarey,1.0,,,,,,1.0
2021-06-01,Kurtunwaarey,1.0,,,,,,1.0
2016-10-01,Laas Caanood,2.0,,1.0,1.0,,,4.0
2016-11-01,Laas Caanood,4.0,1.0,,,,3.0,8.0
2016-12-01,Laas Caanood,3.0,1.0,,,,1.0,5.0
2017-01-01,Laas Caanood,,,,,,3.0,3.0
2017-02-01,Laas Caanood,1.0,,,,,2.0,3.0
2017-03-01,Laas Caanood,2.0,,1.0,,,1.0,4.0
2017-04-01,Laas Caanood,2.0,,,,,,2.0
2017-05-01,Laas Caanood,1.0,,,1.0,,2.0,4.0
2017-06-01,Laas Caanood,1.0,,,,,1.0,2.0
2017-07-01,Laas Caanood,,3.0,,,,,3.0
2017-08-01,Laas Caanood,3.0,,1.0,,,,4.0
2017-09-01,Laas Caanood,1.0,,1.0,,,1.0,3.0
2017-10-01,Laas Caanood,1.0,,1.0,,,1.0,3.0
2017-11-01,Laas Caanood,1.0,,,1.0,,1.0,3.0
2017-12-01,Laas Caanood,1.0,,,,,,1.0
2018-01-01,Laas Caanood,3.0,1.0,1.0,,1.0,1.0,7.0
2018-02-01,Laas Caanood,,1.0,,1.0,,,2.0
2018-03-01,Laas Caanood,,,,,,1.0,1.0
2018-04-01,Laas Caanood,2.0,,,,,4.0,6.0
2018-05-01,Laas Caanood,7.0,2.0,,1.0,2.0,1.0,13.0
2018-06-01,Laas Caanood,8.0,4.0,1.0,1.0,2.0,2.0,18.0
2018-07-01,Laas Caanood,1.0,6.0,,,1.0,,8.0
2018-08-01,Laas Caanood,,1.0,,,,3.0,4.0
2018-09-01,Laas Caanood,1.0,3.0,1.0,,,,5.0
2018-10-01,Laas Caanood,2.0,,1.0,,,1.0,4.0
2018-11-01,Laas Caanood,1.0,1.0,,,2.0,,4.0
2018-12-01,Laas Caanood,2.0,,,,3.0,2.0,7.0
2019-01-01,Laas Caanood,3.0,,1.0,,1.0,1.0,6.0
2019-03-01,Laas Caanood,4.0,,,,,,4.0
2019-04-01,Laas Caanood,1.0,,,,,,1.0
2019-05-01,Laas Caanood,1.0,1.0,,,,2.0,4.0
2019-06-01,Laas Caanood,2.0,,,,,,2.0
2019-07-01,Laas Caanood,,,2.0,,,,2.0
2019-08-01,Laas Caanood,2.0,,1.0,1.0,,1.0,5.0
2019-09-01,Laas Caanood,,,1.0,1.0,,,2.0
2019-10-01,Laas Caanood,,1.0,,,,,1.0
2019-11-01,Laas Caanood,1.0,,,,,,1.0
2019-12-01,Laas Caanood,3.0,,,,,,3.0
2020-01-01,Laas Caanood,1.0,,,,,,1.0
2020-02-01,Laas Caanood,1.0,,,,,,1.0
2020-03-01,Laas Caanood,2.0,,,,,,2.0
2020-07-01,Laas Caanood,2.0,,,,,,2.0
2020-08-01,Laas Caanood,1.0,,,,,,1.0
2020-09-01,Laas Caanood,1.0,,,,,,1.0
2020-10-01,Laas Caanood,1.0,,,,,2.0,3.0
2020-11-01,Laas Caanood,1.0,1.0,,,,3.0,5.0
2020-12-01,Laas Caanood,,,,1.0,,,1.0
2021-01-01,Laas Caanood,,1.0,,,,,1.0
2021-02-01,Laas Caanood,,,1.0,,,2.0,3.0
2021-03-01,Laas Caanood,2.0,,,,,,2.0
2021-05-01,Laas Caanood,1.0,,,,,1.0,2.0
2021-07-01,Laas Caanood,1.0,,,,,3.0,4.0
2021-08-01,Laas Caanood,2.0,,,,,,2.0
2021-09-01,Laas Caanood,,,1.0,1.0,,1.0,3.0
2017-01-01,Laasqoray,1.0,,,,,,1.0
2017-04-01,Laasqoray,,,,,,1.0,1.0
2017-06-01,Laasqoray,,1.0,,,,,1.0
2017-10-01,Laasqoray,,,,,1.0,,1.0
2018-05-01,Laasqoray,,,1.0,,,,1.0
2018-09-01,Laasqoray,1.0,,,,,,1.0
2018-10-01,Laasqoray,,,,,1.0,,1.0
2018-12-01,Laasqoray,,,,,1.0,,1.0
2019-11-01,Laasqoray,2.0,,,,,,2.0
2020-02-01,Laasqoray,1.0,,,,,,1.0
2020-03-01,Laasqoray,1.0,,,,,,1.0
2020-06-01,Laasqoray,1.0,,,,1.0,,2.0
2020-12-01,Laasqoray,1.0,,,,,,1.0
2021-03-01,Laasqoray,1.0,,,,,,1.0
2016-10-01,Lughaye,,,1.0,,,,1.0
2016-12-01,Lughaye,,,1.0,,,,1.0
2019-09-01,Lughaye,,1.0,,,,,1.0
2019-11-01,Lughaye,1.0,,,,,,1.0
2017-01-01,Luuq,1.0,,,,,,1.0
2017-02-01,Luuq,,1.0,,,,,1.0
2017-03-01,Luuq,,1.0,,,,,1.0
2017-04-01,Luuq,,,,,,1.0,1.0
2017-05-01,Luuq,2.0,,,,,1.0,3.0
2017-06-01,Luuq,,1.0,,,,,1.0
2017-07-01,Luuq,,1.0,,,,1.0,2.0
2017-08-01,Luuq,1.0,,,,,,1.0
2017-09-01,Luuq,,,,,,2.0,2.0
2018-02-01,Luuq,,,,,,1.0,1.0
2018-03-01,Luuq,3.0,1.0,,,,,4.0
2018-07-01,Luuq,1.0,,,,,3.0,4.0
2018-09-01,Luuq,1.0,,,,,,1.0
2018-11-01,Luuq,,1.0,,,1.0,,2.0
2018-12-01,Luuq,1.0,1.0,,,1.0,1.0,4.0
2019-01-01,Luuq,,,,,,2.0,2.0
2019-05-01,Luuq,,,,,,1.0,1.0
2019-07-01,Luuq,1.0,1.0,,,,,2.0
2019-09-01,Luuq,,,1.0,,,,1.0
2020-01-01,Luuq,,1.0,,,,,1.0
2020-02-01,Luuq,,,,,,1.0,1.0
2020-04-01,Luuq,1.0,2.0,,,,1.0,4.0
2020-06-01,Luuq,1.0,1.0,,,,1.0,3.0
2020-08-01,Luuq,2.0,,,,,1.0,3.0
2020-09-01,Luuq,,,1.0,,,,1.0
2020-11-01,Luuq,,1.0,1.0,,,,2.0
2020-12-01,Luuq,,,,,,1.0,1.0
2021-01-01,Luuq,2.0,1.0,,,,1.0,4.0
2021-02-01,Luuq,3.0,,1.0,,,,4.0
2021-03-01,Luuq,1.0,,,,,2.0,3.0
2021-05-01,Luuq,1.0,,,,,,1.0
2021-07-01,Luuq,1.0,,,,,,1.0
2021-08-01,Luuq,1.0,,,,,,1.0
2021-09-01,Luuq,,2.0,,,,,2.0
2016-10-01,Marka,9.0,5.0,,,5.0,6.0,25.0
2016-11-01,Marka,8.0,1.0,,,1.0,2.0,12.0
2016-12-01,Marka,9.0,7.0,,,,5.0,21.0
2017-01-01,Marka,8.0,7.0,,,1.0,2.0,18.0
2017-02-01,Marka,5.0,1.0,,,,2.0,8.0
2017-03-01,Marka,1.0,,,,,1.0,2.0
2017-04-01,Marka,6.0,3.0,,,,1.0,10.0
2017-05-01,Marka,10.0,6.0,,,2.0,2.0,20.0
2017-06-01,Marka,7.0,2.0,,,1.0,,10.0
2017-07-01,Marka,5.0,2.0,,,2.0,1.0,10.0
2017-08-01,Marka,11.0,1.0,,,1.0,2.0,15.0
2017-09-01,Marka,6.0,5.0,,,,3.0,14.0
2017-10-01,Marka,4.0,6.0,,,1.0,3.0,14.0
2017-11-01,Marka,5.0,4.0,,,1.0,1.0,11.0
2017-12-01,Marka,3.0,3.0,,,1.0,1.0,8.0
2018-01-01,Marka,9.0,8.0,,,1.0,,18.0
2018-02-01,Marka,6.0,3.0,,,,,9.0
2018-03-01,Marka,6.0,3.0,,,1.0,,10.0
2018-04-01,Marka,7.0,2.0,,,,,9.0
2018-05-01,Marka,7.0,6.0,,,2.0,2.0,17.0
2018-06-01,Marka,5.0,6.0,,,1.0,,12.0
2018-07-01,Marka,1.0,1.0,,,,,2.0
2018-08-01,Marka,15.0,5.0,,,1.0,,21.0
2018-09-01,Marka,9.0,6.0,,,,1.0,16.0
2018-10-01,Marka,8.0,1.0,,,1.0,2.0,12.0
2018-11-01,Marka,6.0,2.0,,,,1.0,9.0
2018-12-01,Marka,2.0,8.0,,,1.0,,11.0
2019-01-01,Marka,5.0,3.0,,,,1.0,9.0
2019-02-01,Marka,6.0,5.0,,,,,11.0
2019-03-01,Marka,7.0,3.0,,,1.0,,11.0
2019-04-01,Marka,7.0,3.0,,,,,10.0
2019-05-01,Marka,4.0,4.0,,,1.0,2.0,11.0
2019-06-01,Marka,7.0,2.0,,,,,9.0
2019-07-01,Marka,9.0,,,,2.0,,11.0
2019-08-01,Marka,8.0,3.0,,,,,11.0
2019-09-01,Marka,12.0,3.0,,,,1.0,16.0
2019-10-01,Marka,3.0,3.0,,,,,6.0
2019-11-01,Marka,11.0,3.0,,,1.0,1.0,16.0
2019-12-01,Marka,5.0,1.0,,,,,6.0
2020-01-01,Marka,7.0,1.0,,,,,8.0
2020-02-01,Marka,7.0,2.0,,,,1.0,10.0
2020-03-01,Marka,6.0,15.0,,,1.0,,22.0
2020-04-01,Marka,8.0,2.0,,,,,10.0
2020-05-01,Marka,11.0,3.0,,,,,14.0
2020-06-01,Marka,14.0,1.0,,,,,15.0
2020-07-01,Marka,10.0,2.0,,,,,12.0
2020-08-01,Marka,15.0,2.0,,,1.0,,18.0
2020-09-01,Marka,10.0,1.0,,,,,11.0
2020-10-01,Marka,7.0,2.0,,,,,9.0
2020-11-01,Marka,17.0,2.0,,,,,19.0
2020-12-01,Marka,23.0,1.0,,,,,24.0
2021-01-01,Marka,5.0,8.0,,,,1.0,14.0
2021-02-01,Marka,16.0,6.0,,,,,22.0
2021-03-01,Marka,13.0,5.0,,,,,18.0
2021-04-01,Marka,15.0,1.0,,,,,16.0
2021-05-01,Marka,12.0,1.0,,,,,13.0
2021-06-01,Marka,18.0,6.0,,,,,24.0
2021-07-01,Marka,6.0,5.0,,,,,11.0
2021-08-01,Marka,5.0,6.0,2.0,,,,13.0
2021-09-01,Marka,15.0,3.0,,,,,18.0
2021-10-01,Marka,8.0,,,,,,8.0
2017-03-01,Owdweyne,,,1.0,,1.0,,2.0
2017-10-01,Owdweyne,,,,,,1.0,1.0
2017-11-01,Owdweyne,,,,1.0,,,1.0
2018-01-01,Owdweyne,,,1.0,,,,1.0
2018-10-01,Owdweyne,,1.0,,,,,1.0
2019-05-01,Owdweyne,,2.0,,,,,2.0
2019-06-01,Owdweyne,,1.0,,,,,1.0
2019-07-01,Owdweyne,,1.0,,,,,1.0
2019-10-01,Owdweyne,,1.0,,,,,1.0
2021-03-01,Owdweyne,1.0,,,,,,1.0
2021-04-01,Owdweyne,1.0,,,,,,1.0
2016-10-01,Qandala,1.0,,,,1.0,,2.0
2016-11-01,Qandala,2.0,3.0,,,,,5.0
2016-12-01,Qandala,5.0,2.0,,,,,7.0
2017-01-01,Qandala,1.0,,1.0,,,1.0,3.0
2017-02-01,Qandala,1.0,,,,1.0,,2.0
2017-03-01,Qandala,1.0,1.0,,,,,2.0
2017-04-01,Qandala,,,,,1.0,,1.0
2017-05-01,Qandala,1.0,,1.0,,,,2.0
2017-06-01,Qandala,2.0,,,,2.0,2.0,6.0
2017-10-01,Qandala,1.0,,,,,1.0,2.0
2017-11-01,Qandala,1.0,4.0,,,,1.0,6.0
2018-02-01,Qandala,1.0,,,,,,1.0
2018-03-01,Qandala,,,,,1.0,,1.0
2018-04-01,Qandala,,1.0,,,,,1.0
2018-05-01,Qandala,1.0,1.0,,,,,2.0
2018-06-01,Qandala,,,,,,1.0,1.0
2018-12-01,Qandala,2.0,,,,,,2.0
2019-01-01,Qandala,1.0,,,,,,1.0
2019-02-01,Qandala,1.0,,,,,,1.0
2019-04-01,Qandala,1.0,,,,,,1.0
2019-05-01,Qandala,1.0,,,,,,1.0
2020-07-01,Qandala,1.0,,,,,,1.0
2021-03-01,Qandala,1.0,,,,,,1.0
2021-04-01,Qandala,1.0,1.0,,,,,2.0
2021-06-01,Qandala,1.0,2.0,,,,,3.0
2021-07-01,Qandala,2.0,,,,,,2.0
2021-08-01,Qandala,,1.0,,,,1.0,2.0
2016-10-01,Qansax Dheere,1.0,1.0,,,1.0,,3.0
2017-02-01,Qansax Dheere,1.0,,,,,1.0,2.0
2017-03-01,Qansax Dheere,1.0,,,,,1.0,2.0
2017-05-01,Qansax Dheere,,1.0,,,,,1.0
2017-06-01,Qansax Dheere,2.0,,,,,1.0,3.0
2017-07-01,Qansax Dheere,1.0,,,,1.0,,2.0
2017-08-01,Qansax Dheere,,2.0,,,1.0,,3.0
2017-12-01,Qansax Dheere,2.0,,,,,,2.0
2018-01-01,Qansax Dheere,,1.0,,,,2.0,3.0
2018-02-01,Qansax Dheere,2.0,1.0,,,,,3.0
2018-03-01,Qansax Dheere,1.0,1.0,,,1.0,,3.0
2018-05-01,Qansax Dheere,,1.0,,,1.0,1.0,3.0
2018-06-01,Qansax Dheere,2.0,,,,,1.0,3.0
2018-07-01,Qansax Dheere,1.0,,,,,,1.0
2018-10-01,Qansax Dheere,1.0,,,,,1.0,2.0
2019-01-01,Qansax Dheere,1.0,,,,,,1.0
2019-03-01,Qansax Dheere,,2.0,,,,,2.0
2019-04-01,Qansax Dheere,,1.0,,,,,1.0
2019-05-01,Qansax Dheere,2.0,,,,,,2.0
2019-06-01,Qansax Dheere,,3.0,,,,,3.0
2019-07-01,Qansax Dheere,,1.0,,,,,1.0
2019-09-01,Qansax Dheere,,1.0,,,,,1.0
2019-10-01,Qansax Dheere,,,,,,1.0,1.0
2019-12-01,Qansax Dheere,2.0,,,,,,2.0
2020-03-01,Qansax Dheere,,1.0,,,,,1.0
2020-05-01,Qansax Dheere,1.0,,,,,1.0,2.0
2020-06-01,Qansax Dheere,1.0,,,,,,1.0
2020-08-01,Qansax Dheere,1.0,1.0,,,1.0,,3.0
2020-09-01,Qansax Dheere,,,,,,2.0,2.0
2020-10-01,Qansax Dheere,,4.0,,,,,4.0
2020-11-01,Qansax Dheere,1.0,1.0,,,,,2.0
2020-12-01,Qansax Dheere,2.0,,,,,,2.0
2021-01-01,Qansax Dheere,3.0,,,,,,3.0
2021-02-01,Qansax Dheere,2.0,1.0,,,,,3.0
2021-04-01,Qansax Dheere,2.0,,,,,1.0,3.0
2021-05-01,Qansax Dheere,2.0,,,,,,2.0
2021-07-01,Qansax Dheere,1.0,1.0,,,,,2.0
2021-08-01,Qansax Dheere,2.0,,,,,,2.0
2021-09-01,Qansax Dheere,3.0,2.0,,,,,5.0
2016-11-01,Qardho,,,,,,1.0,1.0
2016-12-01,Qardho,1.0,,,,,,1.0
2017-01-01,Qardho,,,,,,1.0,1.0
2017-03-01,Qardho,,,,,,1.0,1.0
2017-04-01,Qardho,,,,,,1.0,1.0
2017-07-01,Qardho,,,,,,1.0,1.0
2017-09-01,Qardho,,,2.0,1.0,1.0,1.0,5.0
2017-10-01,Qardho,,,1.0,,,1.0,2.0
2018-03-01,Qardho,1.0,,,1.0,,1.0,3.0
2018-04-01,Qardho,1.0,,,,,1.0,2.0
2018-05-01,Qardho,1.0,,,,,,1.0
2018-08-01,Qardho,,,,,,1.0,1.0
2019-01-01,Qardho,,,,,1.0,,1.0
2019-05-01,Qardho,,1.0,,,,,1.0
2019-08-01,Qardho,,,,,,1.0,1.0
2020-04-01,Qardho,1.0,,,,,,1.0
2020-12-01,Qardho,,,1.0,,,,1.0
2021-01-01,Qardho,,,1.0,,,,1.0
2016-10-01,Qoryooley,1.0,4.0,,,,,5.0
2016-11-01,Qoryooley,4.0,,,,,,4.0
2016-12-01,Qoryooley,5.0,,,,1.0,2.0,8.0
2017-01-01,Qoryooley,2.0,4.0,,,1.0,1.0,8.0
2017-02-01,Qoryooley,1.0,1.0,,,,,2.0
2017-03-01,Qoryooley,1.0,1.0,,,,2.0,4.0
2017-04-01,Qoryooley,6.0,1.0,,,,1.0,8.0
2017-05-01,Qoryooley,5.0,1.0,,,,,6.0
2017-06-01,Qoryooley,2.0,,,,,2.0,4.0
2017-07-01,Qoryooley,1.0,,,,,1.0,2.0
2017-08-01,Qoryooley,4.0,2.0,,,,,6.0
2017-09-01,Qoryooley,3.0,1.0,,,,2.0,6.0
2017-10-01,Qoryooley,7.0,3.0,,,,,10.0
2017-11-01,Qoryooley,6.0,2.0,,,,,8.0
2017-12-01,Qoryooley,3.0,1.0,,,,,4.0
2018-01-01,Qoryooley,5.0,,,,,,5.0
2018-02-01,Qoryooley,11.0,,,,3.0,1.0,15.0
2018-03-01,Qoryooley,2.0,1.0,,,,,3.0
2018-04-01,Qoryooley,2.0,,,,,,2.0
2018-05-01,Qoryooley,2.0,,,,,,2.0
2018-06-01,Qoryooley,6.0,4.0,,,1.0,,11.0
2018-07-01,Qoryooley,6.0,,,,,,6.0
2018-08-01,Qoryooley,4.0,,,,,,4.0
2018-09-01,Qoryooley,4.0,1.0,,,,,5.0
2018-10-01,Qoryooley,2.0,,,,,2.0,4.0
2018-11-01,Qoryooley,1.0,,,,,,1.0
2018-12-01,Qoryooley,,,,,,1.0,1.0
2019-01-01,Qoryooley,3.0,1.0,,,1.0,,5.0
2019-02-01,Qoryooley,4.0,,,,,1.0,5.0
2019-03-01,Qoryooley,3.0,,,,,,3.0
2019-04-01,Qoryooley,4.0,,,,,1.0,5.0
2019-05-01,Qoryooley,5.0,,,,,,5.0
2019-06-01,Qoryooley,4.0,,,,,1.0,5.0
2019-07-01,Qoryooley,5.0,,,,,,5.0
2019-08-01,Qoryooley,3.0,1.0,,,,1.0,5.0
2019-09-01,Qoryooley,4.0,4.0,,,,2.0,10.0
2019-10-01,Qoryooley,1.0,1.0,,,,,2.0
2019-11-01,Qoryooley,5.0,3.0,,,,,8.0
2019-12-01,Qoryooley,3.0,,,,,1.0,4.0
2020-01-01,Qoryooley,6.0,,,,,,6.0
2020-02-01,Qoryooley,2.0,,,,,,2.0
2020-03-01,Qoryooley,1.0,,,,,,1.0
2020-04-01,Qoryooley,2.0,,,,,,2.0
2020-05-01,Qoryooley,6.0,,,,,1.0,7.0
2020-06-01,Qoryooley,5.0,,,,,1.0,6.0
2020-07-01,Qoryooley,4.0,2.0,,,,,6.0
2020-08-01,Qoryooley,8.0,2.0,,,,1.0,11.0
2020-09-01,Qoryooley,6.0,1.0,,,,,7.0
2020-10-01,Qoryooley,1.0,,,,,,1.0
2020-11-01,Qoryooley,2.0,,,,,,2.0
2020-12-01,Qoryooley,4.0,,,,,,4.0
2021-01-01,Qoryooley,4.0,,,,,,4.0
2021-02-01,Qoryooley,1.0,,,,,,1.0
2021-03-01,Qoryooley,3.0,,,,,,3.0
2021-04-01,Qoryooley,6.0,1.0,,,,,7.0
2021-05-01,Qoryooley,3.0,,,,,,3.0
2021-06-01,Qoryooley,3.0,1.0,,,1.0,,5.0
2021-07-01,Qoryooley,1.0,1.0,,,,,2.0
2021-08-01,Qoryooley,1.0,,,,,,1.0
2021-09-01,Qoryooley,3.0,,,,,,3.0
2021-10-01,Qoryooley,1.0,,,,,,1.0
2016-10-01,Rab Dhuure,,,,,,1.0,1.0
2017-01-01,Rab Dhuure,,,,,1.0,,1.0
2017-07-01,Rab Dhuure,1.0,,,,1.0,,2.0
2017-10-01,Rab Dhuure,2.0,1.0,,,2.0,,5.0
2018-12-01,Rab Dhuure,1.0,2.0,,,2.0,,5.0
2019-07-01,Rab Dhuure,1.0,,,,,,1.0
2019-09-01,Rab Dhuure,1.0,,,,,,1.0
2020-06-01,Rab Dhuure,,,,,1.0,,1.0
2020-08-01,Rab Dhuure,,,,,,1.0,1.0
2021-03-01,Rab Dhuure,,,,,,1.0,1.0
2016-10-01,Saakow,,,,,,1.0,1.0
2017-06-01,Saakow,,1.0,,,,,1.0
2017-10-01,Saakow,,1.0,,,,,1.0
2018-02-01,Saakow,1.0,,,,,,1.0
2018-07-01,Saakow,,1.0,,,,1.0,2.0
2018-09-01,Saakow,,1.0,,,,,1.0
2018-10-01,Saakow,,,,,,1.0,1.0
2019-07-01,Saakow,,,,,,2.0,2.0
2019-08-01,Saakow,1.0,2.0,,,,,3.0
2019-12-01,Saakow,,1.0,,,,,1.0
2020-02-01,Saakow,,1.0,,,,,1.0
2020-04-01,Saakow,,1.0,,,,,1.0
2020-06-01,Saakow,2.0,,,,,,2.0
2020-09-01,Saakow,,,,,,1.0,1.0
2020-12-01,Saakow,,1.0,,,,,1.0
2021-02-01,Saakow,,2.0,,,,,2.0
2021-06-01,Saakow,,,,,,1.0,1.0
2017-11-01,Sablaale,1.0,,,,,,1.0
2018-02-01,Sablaale,,,,,1.0,,1.0
2019-08-01,Sablaale,1.0,,,,,,1.0
2019-09-01,Sablaale,,1.0,,,,,1.0
2020-01-01,Sablaale,,,,,,1.0,1.0
2020-08-01,Sablaale,,1.0,,,,,1.0
2020-11-01,Sablaale,1.0,,,,,,1.0
2020-12-01,Sablaale,1.0,,,,,,1.0
2017-07-01,Sheikh,,,1.0,,,,1.0
2018-11-01,Sheikh,1.0,,,,,,1.0
2019-05-01,Sheikh,,1.0,,,,,1.0
2019-12-01,Sheikh,,,,1.0,,,1.0
2021-09-01,Sheikh,1.0,,,,,,1.0
2017-08-01,Taleex,2.0,,,,,,2.0
2017-11-01,Taleex,,,,,,1.0,1.0
2017-12-01,Taleex,1.0,,,,,,1.0
2018-05-01,Taleex,,,,,1.0,,1.0
2018-07-01,Taleex,1.0,,,,,,1.0
2018-09-01,Taleex,1.0,,,,,,1.0
2018-12-01,Taleex,,,,,1.0,,1.0
2016-10-01,Tayeeglow,,,,,1.0,2.0,3.0
2016-11-01,Tayeeglow,3.0,,,,,,3.0
2017-01-01,Tayeeglow,1.0,,,,,1.0,2.0
2017-02-01,Tayeeglow,,,,,,1.0,1.0
2017-05-01,Tayeeglow,,,,,,1.0,1.0
2018-04-01,Tayeeglow,1.0,,,,,,1.0
2018-05-01,Tayeeglow,1.0,,,,,,1.0
2018-09-01,Tayeeglow,1.0,,,,1.0,,2.0
2019-01-01,Tayeeglow,,,,,,2.0,2.0
2019-02-01,Tayeeglow,,1.0,,,,,1.0
2019-03-01,Tayeeglow,,,,,1.0,,1.0
2019-05-01,Tayeeglow,1.0,,,,,,1.0
2019-07-01,Tayeeglow,,,,,1.0,,1.0
2019-08-01,Tayeeglow,,,,,,1.0,1.0
2019-09-01,Tayeeglow,,,,,,1.0,1.0
2019-12-01,Tayeeglow,,,,,,1.0,1.0
2020-01-01,Tayeeglow,,,,,1.0,,1.0
2020-02-01,Tayeeglow,1.0,,,,,,1.0
2020-04-01,Tayeeglow,1.0,,,,,1.0,2.0
2020-05-01,Tayeeglow,1.0,,,,,,1.0
2020-07-01,Tayeeglow,,,,,,1.0,1.0
2020-12-01,Tayeeglow,,,,,,1.0,1.0
2021-01-01,Tayeeglow,,1.0,,,,,1.0
2021-08-01,Tayeeglow,1.0,,,,,,1.0
2016-10-01,Waajid,1.0,,,,,,1.0
2016-11-01,Waajid,,1.0,,,,,1.0
2016-12-01,Waajid,3.0,2.0,,,,,5.0
2017-02-01,Waajid,,1.0,,,,,1.0
2017-04-01,Waajid,3.0,,,,1.0,,4.0
2017-07-01,Waajid,,1.0,,,,,1.0
2017-08-01,Waajid,1.0,2.0,,,,2.0,5.0
2017-09-01,Waajid,1.0,,,,,,1.0
2017-10-01,Waajid,3.0,2.0,,,,2.0,7.0
2017-11-01,Waajid,,,,,1.0,1.0,2.0
2017-12-01,Waajid,1.0,,,,,,1.0
2018-01-01,Waajid,1.0,,,,,1.0,2.0
2018-02-01,Waajid,2.0,,,,1.0,,3.0
2018-06-01,Waajid,1.0,,,,,,1.0
2018-07-01,Waajid,1.0,,,,,1.0,2.0
2018-08-01,Waajid,1.0,1.0,,,,1.0,3.0
2019-03-01,Waajid,,1.0,,,,,1.0
2019-04-01,Waajid,1.0,,,,,,1.0
2019-06-01,Waajid,1.0,,,,,,1.0
2019-07-01,Waajid,,1.0,,,,,1.0
2019-12-01,Waajid,1.0,,,,,,1.0
2020-02-01,Waajid,1.0,,,,,,1.0
2020-03-01,Waajid,1.0,,,,,,1.0
2020-05-01,Waajid,,1.0,,,,,1.0
2020-07-01,Waajid,1.0,,,,,1.0,2.0
2020-10-01,Waajid,1.0,1.0,,,,,2.0
2020-11-01,Waajid,3.0,,1.0,,,3.0,7.0
2020-12-01,Waajid,3.0,,,,,,3.0
2021-01-01,Waajid,,,,,,1.0,1.0
2021-02-01,Waajid,,2.0,,,,,2.0
2021-03-01,Waajid,,1.0,,,,,1.0
2021-04-01,Waajid,1.0,,,,,,1.0
2021-05-01,Waajid,2.0,,,,,,2.0
2021-06-01,Waajid,2.0,1.0,,,,,3.0
2021-07-01,Waajid,5.0,,,,,1.0,6.0
2021-08-01,Waajid,5.0,1.0,,,,,6.0
2021-09-01,Waajid,4.0,,,,1.0,,5.0
2016-10-01,Wanla Weyn,2.0,,,,,,2.0
2016-11-01,Wanla Weyn,1.0,,,,,1.0,2.0
2016-12-01,Wanla Weyn,1.0,3.0,,,,,4.0
2017-01-01,Wanla Weyn,,,,,1.0,,1.0
2017-02-01,Wanla Weyn,2.0,2.0,,,,,4.0
2017-03-01,Wanla Weyn,1.0,,,,,1.0,2.0
2017-04-01,Wanla Weyn,,4.0,,,,1.0,5.0
2017-05-01,Wanla Weyn,4.0,1.0,,,,3.0,8.0
2017-07-01,Wanla Weyn,1.0,,,,,,1.0
2017-08-01,Wanla Weyn,3.0,,,,1.0,,4.0
2017-09-01,Wanla Weyn,1.0,,,,,,1.0
2017-10-01,Wanla Weyn,,1.0,,,,,1.0
2017-11-01,Wanla Weyn,4.0,2.0,,,,,6.0
2017-12-01,Wanla Weyn,,,,,1.0,,1.0
2018-01-01,Wanla Weyn,1.0,,,,1.0,1.0,3.0
2018-02-01,Wanla Weyn,,1.0,,,,,1.0
2018-03-01,Wanla Weyn,,,,,,2.0,2.0
2018-04-01,Wanla Weyn,2.0,1.0,,,,1.0,4.0
2018-05-01,Wanla Weyn,1.0,1.0,,,1.0,1.0,4.0
2018-06-01,Wanla Weyn,2.0,1.0,,,,,3.0
2018-07-01,Wanla Weyn,,,,,,1.0,1.0
2018-08-01,Wanla Weyn,,4.0,,,,,4.0
2018-09-01,Wanla Weyn,1.0,,,,,,1.0
2018-10-01,Wanla Weyn,1.0,4.0,2.0,,1.0,1.0,9.0
2018-11-01,Wanla Weyn,1.0,,,,,1.0,2.0
2018-12-01,Wanla Weyn,2.0,1.0,,,,1.0,4.0
2019-01-01,Wanla Weyn,,2.0,,,,,2.0
2019-02-01,Wanla Weyn,,1.0,,,,1.0,2.0
2019-03-01,Wanla Weyn,3.0,,,,,,3.0
2019-04-01,Wanla Weyn,3.0,1.0,,,1.0,,5.0
2019-05-01,Wanla Weyn,,1.0,,,,,1.0
2019-06-01,Wanla Weyn,6.0,2.0,,,,1.0,9.0
2019-07-01,Wanla Weyn,4.0,1.0,,,,,5.0
2019-08-01,Wanla Weyn,1.0,,,,,,1.0
2019-09-01,Wanla Weyn,2.0,,,,,1.0,3.0
2019-10-01,Wanla Weyn,1.0,1.0,,,,1.0,3.0
2019-11-01,Wanla Weyn,3.0,2.0,,,,,5.0
2019-12-01,Wanla Weyn,3.0,1.0,,,,2.0,6.0
2020-01-01,Wanla Weyn,5.0,,,,,,5.0
2020-02-01,Wanla Weyn,1.0,,,,,,1.0
2020-03-01,Wanla Weyn,1.0,1.0,,,,1.0,3.0
2020-04-01,Wanla Weyn,2.0,,,,,4.0,6.0
2020-05-01,Wanla Weyn,1.0,1.0,,,,1.0,3.0
2020-06-01,Wanla Weyn,3.0,1.0,,,,,4.0
2020-08-01,Wanla Weyn,1.0,3.0,,,,,4.0
2020-09-01,Wanla Weyn,1.0,1.0,,,,1.0,3.0
2020-10-01,Wanla Weyn,,,,,,1.0,1.0
2020-11-01,Wanla Weyn,,1.0,,,,,1.0
2020-12-01,Wanla Weyn,2.0,,,,,1.0,3.0
2021-01-01,Wanla Weyn,2.0,1.0,,,1.0,,4.0
2021-02-01,Wanla Weyn,,,,,1.0,1.0,2.0
2021-04-01,Wanla Weyn,,2.0,,,,,2.0
2021-05-01,Wanla Weyn,2.0,,,,,,2.0
2021-09-01,Wanla Weyn,,1.0,,,,,1.0
2016-11-01,Xarardheere,6.0,,,,,,6.0
2016-12-01,Xarardheere,1.0,,,,,2.0,3.0
2017-02-01,Xarardheere,2.0,,,,2.0,,4.0
2017-07-01,Xarardheere,,,,,,1.0,1.0
2018-04-01,Xarardheere,,,,,2.0,,2.0
2018-06-01,Xarardheere,,,,,1.0,,1.0
2018-07-01,Xarardheere,,,,,,3.0,3.0
2018-10-01,Xarardheere,,1.0,,,,1.0,2.0
2018-11-01,Xarardheere,,1.0,,,1.0,,2.0
2019-02-01,Xarardheere,,,,,,1.0,1.0
2019-12-01,Xarardheere,,1.0,,,1.0,,2.0
2020-06-01,Xarardheere,,1.0,,,,,1.0
2020-11-01,Xarardheere,1.0,,,,,,1.0
2021-01-01,Xarardheere,2.0,,,,,,2.0
2021-02-01,Xarardheere,1.0,,,,,,1.0
2021-07-01,Xarardheere,6.0,1.0,,,,,7.0
2021-08-01,Xarardheere,8.0,3.0,,,1.0,,12.0
2016-10-01,Xudun,1.0,,1.0,,,,2.0
2018-05-01,Xudun,1.0,,,,,,1.0
2021-04-01,Xudun,1.0,,,,,,1.0
2021-09-01,Xudun,1.0,,,,,,1.0
2016-10-01,Xudur,2.0,1.0,,,,1.0,4.0
2016-11-01,Xudur,1.0,,,,,,1.0
2016-12-01,Xudur,2.0,,,,,,2.0
2017-01-01,Xudur,3.0,1.0,,,1.0,2.0,7.0
2017-02-01,Xudur,1.0,,,,,,1.0
2017-03-01,Xudur,2.0,,,,,,2.0
2017-04-01,Xudur,1.0,,,,,,1.0
2017-05-01,Xudur,1.0,,,,,,1.0
2017-06-01,Xudur,1.0,,,,1.0,,2.0
2017-07-01,Xudur,3.0,,,,,1.0,4.0
2017-08-01,Xudur,2.0,,,,2.0,,4.0
2017-09-01,Xudur,4.0,,,,1.0,,5.0
2017-10-01,Xudur,7.0,,,,,,7.0
2017-11-01,Xudur,4.0,,,,,,4.0
2017-12-01,Xudur,2.0,1.0,,,,1.0,4.0
2018-01-01,Xudur,1.0,1.0,,,,,2.0
2018-03-01,Xudur,2.0,,,,,,2.0
2018-04-01,Xudur,1.0,,,,,1.0,2.0
2018-05-01,Xudur,1.0,,,,1.0,,2.0
2018-06-01,Xudur,1.0,,,,,1.0,2.0
2018-07-01,Xudur,3.0,,,,,1.0,4.0
2018-08-01,Xudur,3.0,,,,,2.0,5.0
2018-10-01,Xudur,4.0,,1.0,,,,5.0
2018-11-01,Xudur,1.0,,1.0,,,1.0,3.0
2018-12-01,Xudur,2.0,,,,,,2.0
2019-01-01,Xudur,1.0,,,,,,1.0
2019-02-01,Xudur,3.0,,,,,,3.0
2019-03-01,Xudur,1.0,,,,1.0,1.0,3.0
2019-04-01,Xudur,1.0,1.0,1.0,1.0,,,4.0
2019-05-01,Xudur,1.0,,,,,,1.0
2019-06-01,Xudur,4.0,,,,,,4.0
2019-07-01,Xudur,1.0,2.0,,,1.0,1.0,5.0
2019-08-01,Xudur,,1.0,,,1.0,4.0,6.0
2019-09-01,Xudur,4.0,,,,,2.0,6.0
2019-10-01,Xudur,4.0,,,,,,4.0
2020-03-01,Xudur,,1.0,,,,,1.0
2020-04-01,Xudur,2.0,,,,,,2.0
2020-06-01,Xudur,3.0,,,,,,3.0
2020-09-01,Xudur,1.0,1.0,,,,,2.0
2020-10-01,Xudur,2.0,,,,1.0,,3.0
2020-11-01,Xudur,3.0,,,,1.0,,4.0
2020-12-01,Xudur,5.0,1.0,,,2.0,2.0,10.0
2021-01-01,Xudur,3.0,6.0,,,,,9.0
2021-02-01,Xudur,4.0,1.0,,,,,5.0
2021-03-01,Xudur,9.0,,,,,1.0,10.0
2021-04-01,Xudur,8.0,,,,,1.0,9.0
2021-05-01,Xudur,9.0,1.0,,,,2.0,12.0
2021-06-01,Xudur,6.0,1.0,,,3.0,1.0,11.0
2021-07-01,Xudur,8.0,2.0,,,,,10.0
2021-08-01,Xudur,7.0,1.0,,,,,8.0
2021-09-01,Xudur,7.0,,,,,1.0,8.0
2016-12-01,Zeylac,,,1.0,,,,1.0
2017-04-01,Zeylac,,,1.0,,,,1.0
2017-06-01,Zeylac,,1.0,,,,,1.0
2018-02-01,Zeylac,1.0,,,,,,1.0
2018-09-01,Zeylac,,,1.0,,,,1.0
2018-10-01,Zeylac,1.0,,,,,,1.0
2019-01-01,Zeylac,1.0,,,,,,1.0
