date,district,Cowpea,Ground Nuts,Maize,Onion,Pepper,Rice,Sesame,Sorghum,Tomato,Water Melon
1995-07-01,Adan Yabaal,,,,,,,,220.0,,
1995-07-01,Afgooye,,,16.381,,,,,409.0,,
1995-07-01,Afmadow,,,,,,,,,,
1995-07-01,Baardheere,,,138.0,,,,,5.18,,
1995-07-01,Badhaadhe,,,,,,,,,,
1995-07-01,Balcad,,,4.235,,,,,922.0,,
1995-07-01,Baraawe,,,402.0,,,,,,,
1995-07-01,Baydhaba,,,,,,,,10.047,,
1995-07-01,Belet Weyne,,,518.0,,,,,2.762,,
1995-07-01,Belet Xaawo,,,2.0,,,,,343.0,,
1995-07-01,Borama,,,,,,,,,,
1995-07-01,Bu'aale,,,964.0,,,,,409.0,,
1995-07-01,Bulo Burto,,,690.0,,,,,1.987,,
1995-07-01,Burco,,,,,,,,,,
1995-07-01,Buur Hakaba,,,,,,,,7.149,,
1995-07-01,Cadale,,,,,,,,,,
1995-07-01,Ceel Bur,,,,,,,,,,
1995-07-01,Ceel Dheer,,,,,,,,,,
1995-07-01,Diinsoor,,,,,,,,4.4,,
1995-07-01,Doolow,,,45.0,,,,,1.27,,
1995-07-01,El berde,,,,,,,,,,
1995-07-01,Garbaharey/Burdhuubo,,,38.0,,,,,6.0,,
1995-07-01,Gebiley,,,,,,,,,,
1995-07-01,Hagar,,,,,,,,,,
1995-07-01,Hargeysa,,,,,,,,,,
1995-07-01,Hobyo,,,,,,,,,,
1995-07-01,Jalalaqsi,,,2.545,,,,,926.0,,
1995-07-01,Jamaame,,,6.188,,,,,,,
1995-07-01,Jilib,,,2.819,,,,,522.0,,
1995-07-01,Jowhar,,,11.621,,,,,2.742,,
1995-07-01,Kismaayo,,,233.0,,,,,7.0,,
1995-07-01,Kurtunwaarey,,,289.0,,,,,,,
1995-07-01,Luuq,,,128.0,,,,,20.0,,
1995-07-01,Marka,,,18.224,,,,,1.107,,
1995-07-01,Owdweyne,,,,,,,,,,
1995-07-01,Qansax Dheere,,,,,,,,8.403,,
1995-07-01,Qoryooley,,,18.728,,,,,4.0,,
1995-07-01,Rab Dhuure,,,,,,,,,,
1995-07-01,Saakow,,,1.308,,,,,3.708,,
1995-07-01,Sablaale,,,202.0,,,,,,,
1995-07-01,Sheikh,,,,,,,,,,
1995-07-01,Tayeeglow,,,511.0,,,,,2.724,,
1995-07-01,Waajid,,,,,,,,367.0,,
1995-07-01,Wanla weyn,,,2.459,,,,,5.524,,
1995-07-01,Xarardheere,,,,,,,,,,
1995-07-01,Xudur,,,,,,,,1.459,,
1996-01-01,Adan Yabaal,,,,,,,,390.0,,
1996-01-01,Afgooye,,,6.369,,,,,7.5,,
1996-01-01,Afmadow,,,,,,,,800.0,,
1996-01-01,Baardheere,,,47.0,,,,,1.2,,
1996-01-01,Badhaadhe,,,,,,,,,,
1996-01-01,Balcad,,,2.355,,,,,1.68,,
1996-01-01,Baraawe,,,337.0,,,,,,,
1996-01-01,Baydhaba,,,,,,,,5.07,,
1996-01-01,Belet Weyne,,,131.0,,,,,900.0,,
1996-01-01,Belet Xaawo,,,1.0,,,,,40.0,,
1996-01-01,Borama,,,,,,,,,,
1996-01-01,Bu'aale,,,97.0,,,,,441.0,,
1996-01-01,Bulo Burto,,,339.0,,,,,2.25,,
1996-01-01,Burco,,,,,,,,,,
1996-01-01,Buur Hakaba,,,,,,,,3.0,,
1996-01-01,Cadale,,,,,,,,,,
1996-01-01,Ceel Bur,,,,,,,,,,
1996-01-01,Ceel Dheer,,,,,,,,,,
1996-01-01,Diinsoor,,,,,,,,12.22,,
1996-01-01,Doolow,,,15.0,,,,,,,
1996-01-01,El berde,,,,,,,,,,
1996-01-01,Garbaharey/Burdhuubo,,,13.0,,,,,40.0,,
1996-01-01,Gebiley,,,,,,,,,,
1996-01-01,Hagar,,,270.0,,,,,,,
1996-01-01,Hargeysa,,,,,,,,,,
1996-01-01,Hobyo,,,,,,,,,,
1996-01-01,Jalalaqsi,,,449.0,,,,,600.0,,
1996-01-01,Jamaame,,,881.0,,,,,,,
1996-01-01,Jilib,,,2.182,,,,,350.0,,
1996-01-01,Jowhar,,,4.57,,,,,2.8,,
1996-01-01,Kismaayo,,,79.0,,,,,,,
1996-01-01,Kurtunwaarey,,,549.0,,,,,,,
1996-01-01,Luuq,,,44.0,,,,,400.0,,
1996-01-01,Marka,,,2.557,,,,,2.2,,
1996-01-01,Owdweyne,,,,,,,,,,
1996-01-01,Qansax Dheere,,,,,,,,17.5,,
1996-01-01,Qoryooley,,,10.15,,,,,1.8,,
1996-01-01,Rab Dhuure,,,,,,,,,,
1996-01-01,Saakow,,,231.0,,,,,1.25,,
1996-01-01,Sablaale,,,419.0,,,,,,,
1996-01-01,Sheikh,,,,,,,,,,
1996-01-01,Tayeeglow,,,,,,,,740.0,,
1996-01-01,Waajid,,,,,,,,200.0,,
1996-01-01,Wanla weyn,,,451.0,,,,,8.4,,
1996-01-01,Xarardheere,,,,,,,,,,
1996-01-01,Xudur,,,,,,,,200.0,,
1996-07-01,Adan Yabaal,,,,,,,,,,
1996-07-01,Afgooye,,,20.17,,,,,197.0,,
1996-07-01,Afmadow,,,,,,,,,,
1996-07-01,Baardheere,,,1.438,,,,,2.113,,
1996-07-01,Badhaadhe,,,,,,,,,,
1996-07-01,Balcad,,,4.219,,,,,1.648,,
1996-07-01,Baraawe,,,548.0,,,,,,,
1996-07-01,Baydhaba,,,2.6,,,,,35.515,,
1996-07-01,Belet Weyne,,,1.122,,,,,1.129,,
1996-07-01,Belet Xaawo,,,93.0,,,,,103.0,,
1996-07-01,Borama,,,,,,,,,,
1996-07-01,Bu'aale,,,1.171,,,,,352.0,,
1996-07-01,Bulo Burto,,,556.0,,,,,2.582,,
1996-07-01,Burco,,,,,,,,,,
1996-07-01,Buur Hakaba,,,90.0,,,,,19.417,,
1996-07-01,Cadale,,,,,,,,,,
1996-07-01,Ceel Bur,,,,,,,,,,
1996-07-01,Ceel Dheer,,,,,,,,,,
1996-07-01,Diinsoor,,,900.0,,,,,9.036,,
1996-07-01,Doolow,,,176.0,,,,,43.0,,
1996-07-01,El berde,,,,,,,,,,
1996-07-01,Garbaharey/Burdhuubo,,,52.0,,,,,12.0,,
1996-07-01,Gebiley,,,,,,,,,,
1996-07-01,Hagar,,,,,,,,,,
1996-07-01,Hargeysa,,,,,,,,,,
1996-07-01,Hobyo,,,,,,,,,,
1996-07-01,Jalalaqsi,,,407.0,,,,,439.0,,
1996-07-01,Jamaame,,,3.744,,,,,,,
1996-07-01,Jilib,,,6.179,,,,,5.0,,
1996-07-01,Jowhar,,,9.56,,,,,2.072,,
1996-07-01,Kismaayo,,,318.0,,,,,14.0,,
1996-07-01,Kurtunwaarey,,,394.0,,,,,,,
1996-07-01,Luuq,,,175.0,,,,,37.0,,
1996-07-01,Marka,,,23.929,,,,,56.0,,
1996-07-01,Owdweyne,,,,,,,,,,
1996-07-01,Qansax Dheere,,,4.4,,,,,18.222,,
1996-07-01,Qoryooley,,,14.167,,,,,128.0,,
1996-07-01,Rab Dhuure,,,,,,,,,,
1996-07-01,Saakow,,,673.0,,,,,2.713,,
1996-07-01,Sablaale,,,276.0,,,,,,,
1996-07-01,Sheikh,,,,,,,,,,
1996-07-01,Tayeeglow,,,200.0,,,,,2.614,,
1996-07-01,Waajid,,,15.0,,,,,580.0,,
1996-07-01,Wanla weyn,,,701.0,,,,,3.746,,
1996-07-01,Xarardheere,,,,,,,,,,
1996-07-01,Xudur,,,300.0,,,,,1.418,,
1997-01-01,Adan Yabaal,,,,,,,,,,
1997-01-01,Afgooye,,,3.88,,,,,161.0,,
1997-01-01,Afmadow,,,,,,,,,,
1997-01-01,Baardheere,,,1.026,,,,,124.0,,
1997-01-01,Badhaadhe,,,,,,,,,,
1997-01-01,Balcad,,,1.595,,,,,5.0,,
1997-01-01,Baraawe,,,75.0,,,,,,,
1997-01-01,Baydhaba,,,,,,,,2.1,,
1997-01-01,Belet Weyne,,,217.0,,,,,420.0,,
1997-01-01,Belet Xaawo,,,,,,,,1.0,,
1997-01-01,Borama,,,,,,,,,,
1997-01-01,Bu'aale,,,157.0,,,,,591.0,,
1997-01-01,Bulo Burto,,,1.558,,,,,2.64,,
1997-01-01,Burco,,,,,,,,,,
1997-01-01,Buur Hakaba,,,,,,,,421.0,,
1997-01-01,Cadale,,,,,,,,,,
1997-01-01,Ceel Bur,,,,,,,,,,
1997-01-01,Ceel Dheer,,,,,,,,,,
1997-01-01,Diinsoor,,,,,,,,946.0,,
1997-01-01,Doolow,,,8.0,,,,,,,
1997-01-01,El berde,,,,,,,,,,
1997-01-01,Garbaharey/Burdhuubo,,,7.0,,,,,42.0,,
1997-01-01,Gebiley,,,,,,,,,,
1997-01-01,Hagar,,,,,,,,,,
1997-01-01,Hargeysa,,,,,,,,,,
1997-01-01,Hobyo,,,,,,,,,,
1997-01-01,Jalalaqsi,,,540.0,,,,,670.0,,
1997-01-01,Jamaame,,,2.128,,,,,,,
1997-01-01,Jilib,,,1.565,,,,,1.0,,
1997-01-01,Jowhar,,,3.976,,,,,288.0,,
1997-01-01,Kismaayo,,,76.0,,,,,3.0,,
1997-01-01,Kurtunwaarey,,,54.0,,,,,,,
1997-01-01,Luuq,,,24.0,,,,,7.0,,
1997-01-01,Marka,,,4.576,,,,,4.0,,
1997-01-01,Owdweyne,,,,,,,,,,
1997-01-01,Qansax Dheere,,,,,,,,3.683,,
1997-01-01,Qoryooley,,,10.897,,,,,102.0,,
1997-01-01,Rab Dhuure,,,,,,,,,,
1997-01-01,Saakow,,,315.0,,,,,1.029,,
1997-01-01,Sablaale,,,38.0,,,,,,,
1997-01-01,Sheikh,,,,,,,,,,
1997-01-01,Tayeeglow,,,12.0,,,,,301.0,,
1997-01-01,Waajid,,,,,,,,204.0,,
1997-01-01,Wanla weyn,,,28.0,,,,,128.0,,
1997-01-01,Xarardheere,,,,,,,,,,
1997-01-01,Xudur,,,30.0,,,,,158.0,,
1997-07-01,Adan Yabaal,,,,,,,,,,
1997-07-01,Afgooye,,,13.282,,,,,98.0,,
1997-07-01,Afmadow,,,,,,,,,,
1997-07-01,Baardheere,,,6.328,,,,,15.7,,
1997-07-01,Badhaadhe,,,,,,,,,,
1997-07-01,Balcad,,,3.062,,,,,3.125,,
1997-07-01,Baraawe,,,256.0,,,,,,,
1997-07-01,Baydhaba,,,50.0,,,,,19.287,,
1997-07-01,Belet Weyne,,,1.82,,,,,2.885,,
1997-07-01,Belet Xaawo,,,379.0,,,,,398.0,,
1997-07-01,Borama,,,,,,,,,,
1997-07-01,Bu'aale,,,2.119,,,,,719.0,,
1997-07-01,Bulo Burto,,,323.0,,,,,1.073,,
1997-07-01,Burco,,,,,,,,,,
1997-07-01,Buur Hakaba,,,50.0,,,,,9.271,,
1997-07-01,Cadale,,,,,,,,,,
1997-07-01,Ceel Bur,,,,,,,,,,
1997-07-01,Ceel Dheer,,,,,,,,,,
1997-07-01,Diinsoor,,,44.0,,,,,11.33,,
1997-07-01,Doolow,,,245.0,,,,,207.0,,
1997-07-01,El berde,,,,,,,,,,
1997-07-01,Garbaharey/Burdhuubo,,,24.0,,,,,20.0,,
1997-07-01,Gebiley,,,,,,,,,,
1997-07-01,Hagar,,,,,,,,483.0,,
1997-07-01,Hargeysa,,,,,,,,,,
1997-07-01,Hobyo,,,,,,,,,,
1997-07-01,Jalalaqsi,,,292.0,,,,,710.0,,
1997-07-01,Jamaame,,,10.504,,,,,,,
1997-07-01,Jilib,,,8.803,,,,,9.0,,
1997-07-01,Jowhar,,,12.147,,,,,4.424,,
1997-07-01,Kismaayo,,,1.73,,,,,24.0,,
1997-07-01,Kurtunwaarey,,,6.684,,,,,,,
1997-07-01,Luuq,,,82.0,,,,,65.0,,
1997-07-01,Marka,,,23.14,,,,,33.0,,
1997-07-01,Owdweyne,,,,,,,,,,
1997-07-01,Qansax Dheere,,,140.0,,,,,19.932,,
1997-07-01,Qoryooley,,,15.631,,,,,615.0,,
1997-07-01,Rab Dhuure,,,,,,,,,,
1997-07-01,Saakow,,,1.712,,,,,5.658,,
1997-07-01,Sablaale,,,129.0,,,,,,,
1997-07-01,Sheikh,,,,,,,,,,
1997-07-01,Tayeeglow,,,216.0,,,,,1.491,,
1997-07-01,Waajid,,,23.0,,,,,575.0,,
1997-07-01,Wanla weyn,,,328.0,,,,,8.827,,
1997-07-01,Xarardheere,,,,,,,,,,
1997-07-01,Xudur,,,150.0,,,,,701.0,,
1998-01-01,Adan Yabaal,,,,,,,,,,
1998-01-01,Afgooye,,,680.0,,,,,3.35,,
1998-01-01,Afmadow,,,,,,,,,,
1998-01-01,Baardheere,,,630.0,,,,,475.0,,
1998-01-01,Badhaadhe,,,84.0,,,,,,,
1998-01-01,Balcad,,,680.0,,,,,744.0,,
1998-01-01,Baraawe,,,380.0,,,,,15.0,,
1998-01-01,Baydhaba,,,,,,,,10.363,,
1998-01-01,Belet Weyne,,,1.6,,,,,229.0,,
1998-01-01,Belet Xaawo,,,20.0,,,,,19.0,,
1998-01-01,Borama,,,,,,,,,,
1998-01-01,Bu'aale,,,1.96,,,,,259.0,,
1998-01-01,Bulo Burto,,,360.0,,,,,1.648,,
1998-01-01,Burco,,,,,,,,,,
1998-01-01,Buur Hakaba,,,,,,,,8.544,,
1998-01-01,Cadale,,,,,,,,,,
1998-01-01,Ceel Bur,,,,,,,,,,
1998-01-01,Ceel Dheer,,,,,,,,,,
1998-01-01,Diinsoor,,,,,,,,3.452,,
1998-01-01,Doolow,,,60.0,,,,,7.0,,
1998-01-01,El berde,,,,,,,,,,
1998-01-01,Garbaharey/Burdhuubo,,,,,,,,26.0,,
1998-01-01,Gebiley,,,,,,,,,,
1998-01-01,Hagar,,,700.0,,,,,700.0,,
1998-01-01,Hargeysa,,,,,,,,,,
1998-01-01,Hobyo,,,,,,,,,,
1998-01-01,Jalalaqsi,,,500.0,,,,,692.0,,
1998-01-01,Jamaame,,,194.0,,,,,120.0,,
1998-01-01,Jilib,,,200.0,,,,,8.0,,
1998-01-01,Jowhar,,,2.38,,,,,1.109,,
1998-01-01,Kismaayo,,,233.0,,,,,20.0,,
1998-01-01,Kurtunwaarey,,,100.0,,,,,50.0,,
1998-01-01,Luuq,,,,,,,,166.0,,
1998-01-01,Marka,,,520.0,,,,,18.0,,
1998-01-01,Owdweyne,,,,,,,,,,
1998-01-01,Qansax Dheere,,,50.0,,,,,7.578,,
1998-01-01,Qoryooley,,,2.76,,,,,62.0,,
1998-01-01,Rab Dhuure,,,,,,,,,,
1998-01-01,Saakow,,,1.47,,,,,1.421,,
1998-01-01,Sablaale,,,95.0,,,,,,,
1998-01-01,Sheikh,,,,,,,,,,
1998-01-01,Tayeeglow,,,60.0,,,,,788.0,,
1998-01-01,Waajid,,,25.0,,,,,180.0,,
1998-01-01,Wanla weyn,,,150.0,,,,,1.79,,
1998-01-01,Xarardheere,,,,,,,,,,
1998-01-01,Xudur,,,143.0,,,,,665.0,,
1998-07-01,Adan Yabaal,,,,,,,,,,
1998-07-01,Afgooye,,,8.0,,,,,,,
1998-07-01,Afmadow,,,1.081,,,,,,,
1998-07-01,Baardheere,,,2.11,,,,,850.0,,
1998-07-01,Badhaadhe,,,1.021,,,,,,,
1998-07-01,Balcad,,,2.778,,,,,450.0,,
1998-07-01,Baraawe,,,507.0,,,,,,,
1998-07-01,Baydhaba,,,50.0,,,,,3.6,,
1998-07-01,Belet Weyne,,,1.545,,,,,40.0,,
1998-07-01,Belet Xaawo,,,854.0,,,,,100.0,,
1998-07-01,Borama,,,615.0,,,,,1.4,,
1998-07-01,Bu'aale,,,2.874,,,,,112.0,,
1998-07-01,Bulo Burto,,,409.0,,,,,15.0,,
1998-07-01,Burco,,,,,,,,,,
1998-07-01,Buur Hakaba,,,100.0,,,,,3.0,,
1998-07-01,Cadale,,,,,,,,,,
1998-07-01,Ceel Bur,,,,,,,,,,
1998-07-01,Ceel Dheer,,,,,,,,,,
1998-07-01,Diinsoor,,,10.0,,,,,1.6,,
1998-07-01,Doolow,,,254.0,,,,,,,
1998-07-01,El berde,,,,,,,,20.0,,
1998-07-01,Garbaharey/Burdhuubo,,,1.335,,,,,35.0,,
1998-07-01,Gebiley,,,1.53,,,,,6.44,,
1998-07-01,Hagar,,,1.346,,,,,,,
1998-07-01,Hargeysa,,,1.005,,,,,1.8,,
1998-07-01,Hobyo,,,,,,,,,,
1998-07-01,Jalalaqsi,,,673.0,,,,,12.0,,
1998-07-01,Jamaame,,,6.251,,,,,,,
1998-07-01,Jilib,,,9.85,,,,,,,
1998-07-01,Jowhar,,,6.381,,,,,750.0,,
1998-07-01,Kismaayo,,,2.06,,,,,,,
1998-07-01,Kurtunwaarey,,,5.352,,,,,,,
1998-07-01,Luuq,,,811.0,,,,,30.0,,
1998-07-01,Marka,,,15.552,,,,,,,
1998-07-01,Owdweyne,,,,,,,,,,
1998-07-01,Qansax Dheere,,,50.0,,,,,2.75,,
1998-07-01,Qoryooley,,,9.981,,,,,90.0,,
1998-07-01,Rab Dhuure,,,,,,,,25.0,,
1998-07-01,Saakow,,,1.97,,,,,960.0,,
1998-07-01,Sablaale,,,854.0,,,,,,,
1998-07-01,Sheikh,,,,,,,,,,
1998-07-01,Tayeeglow,,,,,,,,250.0,,
1998-07-01,Waajid,,,,,,,,200.0,,
1998-07-01,Wanla weyn,,,10.0,,,,,6.72,,
1998-07-01,Xarardheere,,,,,,,,,,
1998-07-01,Xudur,,,75.0,,,,,300.0,,
1999-01-01,Adan Yabaal,,,,,,,,,,
1999-01-01,Afgooye,,,4.651,,,,,1.8,,
1999-01-01,Afmadow,,,180.0,,,,,,,
1999-01-01,Baardheere,,,2.291,,,,,440.0,,
1999-01-01,Badhaadhe,,,,,,,,,,
1999-01-01,Balcad,,,1.382,,,,,1.5,,
1999-01-01,Baraawe,,,468.0,,,,,,,
1999-01-01,Baydhaba,,,,,,,,4.8,,
1999-01-01,Belet Weyne,,,3.521,,,,,3.6,,
1999-01-01,Belet Xaawo,,,961.0,,,,,,,
1999-01-01,Borama,,,,,,,,,,
1999-01-01,Bu'aale,,,378.0,,,,,210.0,,
1999-01-01,Bulo Burto,,,1.642,,,,,1.8,,
1999-01-01,Burco,,,,,,,,,,
1999-01-01,Buur Hakaba,,,,,,,,2.7,,
1999-01-01,Cadale,,,,,,,,,,
1999-01-01,Ceel Bur,,,,,,,,,,
1999-01-01,Ceel Dheer,,,,,,,,,,
1999-01-01,Diinsoor,,,,,,,,2.0,,
1999-01-01,Doolow,,,657.0,,,,,,,
1999-01-01,El berde,,,,,,,,,,
1999-01-01,Garbaharey/Burdhuubo,,,474.0,,,,,40.0,,
1999-01-01,Gebiley,,,,,,,,,,
1999-01-01,Hagar,,,750.0,,,,,,,
1999-01-01,Hargeysa,,,,,,,,,,
1999-01-01,Hobyo,,,,,,,,,,
1999-01-01,Jalalaqsi,,,1.493,,,,,720.0,,
1999-01-01,Jamaame,,,682.0,,,,,,,
1999-01-01,Jilib,,,1.346,,,,,75.0,,
1999-01-01,Jowhar,,,2.945,,,,,2.25,,
1999-01-01,Kismaayo,,,236.0,,,,,,,
1999-01-01,Kurtunwaarey,,,3.106,,,,,,,
1999-01-01,Luuq,,,1.397,,,,,,,
1999-01-01,Marka,,,12.0,,,,,60.0,,
1999-01-01,Owdweyne,,,,,,,,,,
1999-01-01,Qansax Dheere,,,,,,,,3.0,,
1999-01-01,Qoryooley,,,5.846,,,,,360.0,,
1999-01-01,Rab Dhuure,,,,,,,,,,
1999-01-01,Saakow,,,316.0,,,,,600.0,,
1999-01-01,Sablaale,,,1.474,,,,,,,
1999-01-01,Sheikh,,,,,,,,,,
1999-01-01,Tayeeglow,,,60.0,,,,,925.0,,
1999-01-01,Waajid,,,,,,,,,,
1999-01-01,Wanla weyn,,,54.0,,,,,3.92,,
1999-01-01,Xarardheere,,,,,,,,,,
1999-01-01,Xudur,,,50.0,,,,,200.0,,
1999-07-01,Adan Yabaal,,,,,,,,,,
1999-07-01,Afgooye,,,16.32,,,,,,,
1999-07-01,Afmadow,,,1.52,,,,,105.0,,
1999-07-01,Baardheere,,,3.04,,,,,1.2,,
1999-07-01,Badhaadhe,,,455.0,,,,,60.0,,
1999-07-01,Balcad,,,1.5,,,,,120.0,,
1999-07-01,Baraawe,,,960.0,,,,,,,
1999-07-01,Baydhaba,,,150.0,,,,,7.35,,
1999-07-01,Belet Weyne,,,1.6,,,,,3.0,,
1999-07-01,Belet Xaawo,,,360.0,,,,,10.0,,
1999-07-01,Borama,,,1.136,,,,,2.513,,
1999-07-01,Bu'aale,,,2.32,,,,,600.0,,
1999-07-01,Bulo Burto,,,1.05,,,,,400.0,,
1999-07-01,Burco,,,,,,,,,,
1999-07-01,Buur Hakaba,,,80.0,,,,,2.43,,
1999-07-01,Cadale,,,,,,,,,,
1999-07-01,Ceel Bur,,,,,,,,,,
1999-07-01,Ceel Dheer,,,,,,,,,,
1999-07-01,Diinsoor,,,1.1,,,,,4.625,,
1999-07-01,Doolow,,,240.0,,,,,,,
1999-07-01,El berde,,,3.0,,,,,30.0,,
1999-07-01,Garbaharey/Burdhuubo,,,208.0,,,,,30.0,,
1999-07-01,Gebiley,,,4.036,,,,,8.98,,
1999-07-01,Hagar,,,880.0,,,,,,,
1999-07-01,Hargeysa,,,1.78,,,,,3.112,,
1999-07-01,Hobyo,,,,,,,,,,
1999-07-01,Jalalaqsi,,,900.0,,,,,280.0,,
1999-07-01,Jamaame,,,5.17,,,,,,,
1999-07-01,Jilib,,,5.28,,,,,210.0,,
1999-07-01,Jowhar,,,2.4,,,,,540.0,,
1999-07-01,Kismaayo,,,880.0,,,,,,,
1999-07-01,Kurtunwaarey,,,8.81,,,,,,,
1999-07-01,Luuq,,,630.0,,,,,80.0,,
1999-07-01,Marka,,,22.6,,,,,,,
1999-07-01,Owdweyne,,,24.0,,,,,240.0,,
1999-07-01,Qansax Dheere,,,840.0,,,,,4.425,,
1999-07-01,Qoryooley,,,14.08,,,,,30.0,,
1999-07-01,Rab Dhuure,,,14.0,,,,,375.0,,
1999-07-01,Saakow,,,1.12,,,,,1.8,,
1999-07-01,Sablaale,,,2.5,,,,,,,
1999-07-01,Sheikh,,,,,,,,,,
1999-07-01,Tayeeglow,,,10.0,,,,,600.0,,
1999-07-01,Waajid,,,20.0,,,,,500.0,,
1999-07-01,Wanla weyn,,,,,,,,2.835,,
1999-07-01,Xarardheere,,,,,,,,,,
1999-07-01,Xudur,,,8.0,,,,,200.0,,
2000-01-01,Adan Yabaal,,,,,,,,,,
2000-01-01,Afgooye,,,11.64,,,,,7.8,,
2000-01-01,Afmadow,,,600.0,,,,,100.0,,
2000-01-01,Baardheere,,,3.78,,,,,375.0,,
2000-01-01,Badhaadhe,,,360.0,,,,,60.0,,
2000-01-01,Balcad,,,2.4,,,,,960.0,,
2000-01-01,Baraawe,,,1.38,,,,,,,
2000-01-01,Baydhaba,,,,,,,,12.0,,
2000-01-01,Belet Weyne,,,675.0,,,,,1.4,,
2000-01-01,Belet Xaawo,,,350.0,,,,,,,
2000-01-01,Borama,,,,,,,,,,
2000-01-01,Bu'aale,,,420.0,,,,,600.0,,
2000-01-01,Bulo Burto,,,500.0,,,,,1.82,,
2000-01-01,Burco,,,,,,,,,,
2000-01-01,Buur Hakaba,,,,,,,,1.0,,
2000-01-01,Cadale,,,,,,,,,,
2000-01-01,Ceel Bur,,,,,,,,,,
2000-01-01,Ceel Dheer,,,,,,,,,,
2000-01-01,Diinsoor,,,,,,,,5.1,,
2000-01-01,Doolow,,,300.0,,,,,,,
2000-01-01,El berde,,,,,,,,,,
2000-01-01,Garbaharey/Burdhuubo,,,165.0,,,,,3.0,,
2000-01-01,Gebiley,,,,,,,,,,
2000-01-01,Hagar,,,280.0,,,,,320.0,,
2000-01-01,Hargeysa,,,,,,,,,,
2000-01-01,Hobyo,,,,,,,,,,
2000-01-01,Jalalaqsi,,,780.0,,,,,825.0,,
2000-01-01,Jamaame,,,2.1,,,,,,,
2000-01-01,Jilib,,,1.89,,,,,320.0,,
2000-01-01,Jowhar,,,8.0,,,,,2.8,,
2000-01-01,Kismaayo,,,400.0,,,,,,,
2000-01-01,Kurtunwaarey,,,4.5,,,,,,,
2000-01-01,Luuq,,,720.0,,,,,6.0,,
2000-01-01,Marka,,,13.23,,,,,200.0,,
2000-01-01,Owdweyne,,,,,,,,,,
2000-01-01,Qansax Dheere,,,,,,,,3.0,,
2000-01-01,Qoryooley,,,5.22,,,,,90.0,,
2000-01-01,Rab Dhuure,,,,,,,,,,
2000-01-01,Saakow,,,360.0,,,,,2.448,,
2000-01-01,Sablaale,,,1.54,,,,,,,
2000-01-01,Sheikh,,,,,,,,,,
2000-01-01,Tayeeglow,,,,,,,,23.0,,
2000-01-01,Waajid,,,,,,,,80.0,,
2000-01-01,Wanla weyn,,,,,,,,5.25,,
2000-01-01,Xarardheere,,,,,,,,,,
2000-01-01,Xudur,,,,,,,,10.0,,
2000-07-01,Adan Yabaal,,,,,,,,90.0,,
2000-07-01,Afgooye,,,16.25,,,,,250.0,,
2000-07-01,Afmadow,,,255.0,,,,,20.0,,
2000-07-01,Baardheere,,,2.73,,,,,2.8,,
2000-07-01,Badhaadhe,,,880.0,,,,,220.0,,
2000-07-01,Balcad,,,3.6,,,,,1.8,,
2000-07-01,Baraawe,,,1.275,,,,,,,
2000-07-01,Baydhaba,,,400.0,,,,,25.9,,
2000-07-01,Belet Weyne,,,800.0,,,,,3.2,,
2000-07-01,Belet Xaawo,,,300.0,,,,,40.0,,
2000-07-01,Borama,,,500.0,,,,,2.04,,
2000-07-01,Bu'aale,,,1.5,,,,,390.0,,
2000-07-01,Bulo Burto,,,700.0,,,,,1.75,,
2000-07-01,Burco,,,,,,,,,,
2000-07-01,Buur Hakaba,,,200.0,,,,,12.5,,
2000-07-01,Cadale,,,,,,,,48.0,,
2000-07-01,Ceel Bur,,,,,,,,,,
2000-07-01,Ceel Dheer,,,,,,,,,,
2000-07-01,Diinsoor,,,1.6,,,,,19.6,,
2000-07-01,Doolow,,,560.0,,,,,15.0,,
2000-07-01,El berde,,,,,,,,240.0,,
2000-07-01,Garbaharey/Burdhuubo,,,898.0,,,,,89.0,,
2000-07-01,Gebiley,,,1.4,,,,,7.14,,
2000-07-01,Hagar,,,450.0,,,,,45.0,,
2000-07-01,Hargeysa,,,465.0,,,,,2.16,,
2000-07-01,Hobyo,,,,,,,,,,
2000-07-01,Jalalaqsi,,,750.0,,,,,300.0,,
2000-07-01,Jamaame,,,1.838,,,,,,,
2000-07-01,Jilib,,,2.625,,,,,320.0,,
2000-07-01,Jowhar,,,10.4,,,,,4.5,,
2000-07-01,Kismaayo,,,525.0,,,,,,,
2000-07-01,Kurtunwaarey,,,3.895,,,,,,,
2000-07-01,Luuq,,,1.44,,,,,100.0,,
2000-07-01,Marka,,,29.0,,,,,,,
2000-07-01,Owdweyne,,,9.0,,,,,252.0,,
2000-07-01,Qansax Dheere,,,2.0,,,,,17.5,,
2000-07-01,Qoryooley,,,11.44,,,,,60.0,,
2000-07-01,Rab Dhuure,,,60.0,,,,,750.0,,
2000-07-01,Saakow,,,1.5,,,,,1.35,,
2000-07-01,Sablaale,,,3.42,,,,,,,
2000-07-01,Sheikh,,,,,,,,,,
2000-07-01,Tayeeglow,,,140.0,,,,,1.95,,
2000-07-01,Waajid,,,100.0,,,,,1.2,,
2000-07-01,Wanla weyn,,,,,,,,11.9,,
2000-07-01,Xarardheere,,,,,,,,,,
2000-07-01,Xudur,,,200.0,,,,,1.65,,
2001-01-01,Adan Yabaal,,,,,,,,66.0,,
2001-01-01,Afgooye,,,4.8,,,,,2.88,,
2001-01-01,Afmadow,,,540.0,,,,,40.0,,
2001-01-01,Baardheere,,,1.75,,,,,2.5,,
2001-01-01,Badhaadhe,,,720.0,,,,,150.0,,
2001-01-01,Balcad,,,2.8,,,,,1.1,,
2001-01-01,Baraawe,,,1.52,,,,,,,
2001-01-01,Baydhaba,,,,,,,,8.51,,
2001-01-01,Belet Weyne,,,150.0,,,,,25.0,,
2001-01-01,Belet Xaawo,,,32.0,,,,,20.0,,
2001-01-01,Borama,,,,,,,,,,
2001-01-01,Bu'aale,,,180.0,,,,,255.0,,
2001-01-01,Bulo Burto,,,150.0,,,,,600.0,,
2001-01-01,Burco,,,,,,,,,,
2001-01-01,Buur Hakaba,,,,,,,,4.75,,
2001-01-01,Cadale,,,,,,,,36.0,,
2001-01-01,Ceel Bur,,,,,,,,,,
2001-01-01,Ceel Dheer,,,,,,,,,,
2001-01-01,Diinsoor,,,,,,,,10.08,,
2001-01-01,Doolow,,,100.0,,,,,10.0,,
2001-01-01,El berde,,,,,,,,38.0,,
2001-01-01,Garbaharey/Burdhuubo,,,455.0,,,,,38.0,,
2001-01-01,Gebiley,,,,,,,,,,
2001-01-01,Hagar,,,30.0,,,,,40.0,,
2001-01-01,Hargeysa,,,,,,,,,,
2001-01-01,Hobyo,,,,,,,,,,
2001-01-01,Jalalaqsi,,,800.0,,,,,250.0,,
2001-01-01,Jamaame,,,180.0,,,,,,,
2001-01-01,Jilib,,,1.08,,,,,360.0,,
2001-01-01,Jowhar,,,7.4,,,,,850.0,,
2001-01-01,Kismaayo,,,128.0,,,,,,,
2001-01-01,Kurtunwaarey,,,4.29,,,,,,,
2001-01-01,Luuq,,,540.0,,,,,50.0,,
2001-01-01,Marka,,,15.2,,,,,210.0,,
2001-01-01,Owdweyne,,,,,,,,,,
2001-01-01,Qansax Dheere,,,,,,,,8.5,,
2001-01-01,Qoryooley,,,5.95,,,,,25.0,,
2001-01-01,Rab Dhuure,,,8.0,,,,,180.0,,
2001-01-01,Saakow,,,350.0,,,,,1.8,,
2001-01-01,Sablaale,,,700.0,,,,,,,
2001-01-01,Sheikh,,,,,,,,,,
2001-01-01,Tayeeglow,,,15.0,,,,,400.0,,
2001-01-01,Waajid,,,15.0,,,,,255.0,,
2001-01-01,Wanla weyn,,,,,,,,1.75,,
2001-01-01,Xarardheere,,,,,,,,,,
2001-01-01,Xudur,,,10.0,,,,,300.0,,
2001-07-01,Adan Yabaal,,,,,,,,48.0,,
2001-07-01,Afgooye,,,5.6,,,,,600.0,,
2001-07-01,Afmadow,,,460.0,,,,,30.0,,
2001-07-01,Baardheere,,,1.5,,,,,400.0,,
2001-07-01,Badhaadhe,,,1.05,,,,,75.0,,
2001-07-01,Balcad,,,3.12,,,,,3.75,,
2001-07-01,Baraawe,,,960.0,,,,,,,
2001-07-01,Baydhaba,,,50.0,,,,,1.0,,
2001-07-01,Belet Weyne,,,180.0,,,,,400.0,,
2001-07-01,Belet Xaawo,,,120.0,,,,,,,
2001-07-01,Borama,,,300.0,,,,,1.32,,
2001-07-01,Bu'aale,,,3.3,,,,,250.0,,
2001-07-01,Bulo Burto,,,300.0,,,,,240.0,,
2001-07-01,Burco,,,,,,,,,,
2001-07-01,Buur Hakaba,,,60.0,,,,,1.3,,
2001-07-01,Cadale,,,,,,,,28.0,,
2001-07-01,Ceel Bur,,,,,,,,,,
2001-07-01,Ceel Dheer,,,,,,,,,,
2001-07-01,Diinsoor,,,50.0,,,,,1.6,,
2001-07-01,Doolow,,,160.0,,,,,,,
2001-07-01,El berde,,,,,,,,100.0,,
2001-07-01,Garbaharey/Burdhuubo,,,706.0,,,,,,,
2001-07-01,Gebiley,,,1.0,,,,,3.57,,
2001-07-01,Hagar,,,32.0,,,,,48.0,,
2001-07-01,Hargeysa,,,250.0,,,,,1.08,,
2001-07-01,Hobyo,,,,,,,,,,
2001-07-01,Jalalaqsi,,,360.0,,,,,120.0,,
2001-07-01,Jamaame,,,4.5,,,,,,,
2001-07-01,Jilib,,,3.9,,,,,195.0,,
2001-07-01,Jowhar,,,8.56,,,,,4.0,,
2001-07-01,Kismaayo,,,960.0,,,,,,,
2001-07-01,Kurtunwaarey,,,8.76,,,,,,,
2001-07-01,Luuq,,,540.0,,,,,1.0,,
2001-07-01,Marka,,,26.82,,,,,,,
2001-07-01,Owdweyne,,,5.0,,,,,200.0,,
2001-07-01,Qansax Dheere,,,100.0,,,,,1.5,,
2001-07-01,Qoryooley,,,11.84,,,,,,,
2001-07-01,Rab Dhuure,,,,,,,,200.0,,
2001-07-01,Saakow,,,1.8,,,,,2.25,,
2001-07-01,Sablaale,,,1.96,,,,,,,
2001-07-01,Sheikh,,,,,,,,,,
2001-07-01,Tayeeglow,,,23.0,,,,,700.0,,
2001-07-01,Waajid,,,15.0,,,,,300.0,,
2001-07-01,Wanla weyn,,,,,,,,7.95,,
2001-07-01,Xarardheere,,,,,,,,,,
2001-07-01,Xudur,,,24.0,,,,,500.0,,
2002-01-01,Adan Yabaal,,,,,,,,175.0,,
2002-01-01,Afgooye,,,3.0,,,,,8.0,,
2002-01-01,Afmadow,,,120.0,,,,,38.0,,
2002-01-01,Baardheere,,,2.38,,,,,540.0,,
2002-01-01,Badhaadhe,,,350.0,,,,,100.0,,
2002-01-01,Balcad,,,4.0,,,,,3.0,,
2002-01-01,Baraawe,,,1.875,,,,,,,
2002-01-01,Baydhaba,,,,,,,,16.0,,
2002-01-01,Belet Weyne,,,1.05,,,,,2.1,,
2002-01-01,Belet Xaawo,,,30.0,,,,,,,
2002-01-01,Borama,,,,,,,,,,
2002-01-01,Bu'aale,,,250.0,,,,,525.0,,
2002-01-01,Bulo Burto,,,750.0,,,,,4.0,,
2002-01-01,Burco,,,,,,,,,,
2002-01-01,Buur Hakaba,,,,,,,,2.5,,
2002-01-01,Cadale,,,,,,,,88.0,,
2002-01-01,Ceel Bur,,,,,,,,,,
2002-01-01,Ceel Dheer,,,,,,,,,,
2002-01-01,Diinsoor,,,,,,,,14.0,,
2002-01-01,Doolow,,,90.0,,,,,,,
2002-01-01,El berde,,,,,,,,50.0,,
2002-01-01,Garbaharey/Burdhuubo,,,385.0,,,,,,,
2002-01-01,Gebiley,,,,,,,,,,
2002-01-01,Hagar,,,30.0,,,,,140.0,,
2002-01-01,Hargeysa,,,,,,,,,,
2002-01-01,Hobyo,,,,,,,,,,
2002-01-01,Jalalaqsi,,,1.2,,,,,2.4,,
2002-01-01,Jamaame,,,80.0,,,,,,,
2002-01-01,Jilib,,,1.25,,,,,210.0,,
2002-01-01,Jowhar,,,10.0,,,,,4.5,,
2002-01-01,Kismaayo,,,250.0,,,,,,,
2002-01-01,Kurtunwaarey,,,5.85,,,,,,,
2002-01-01,Luuq,,,350.0,,,,,,,
2002-01-01,Marka,,,14.4,,,,,600.0,,
2002-01-01,Owdweyne,,,,,,,,,,
2002-01-01,Qansax Dheere,,,,,,,,5.4,,
2002-01-01,Qoryooley,,,7.0,,,,,680.0,,
2002-01-01,Rab Dhuure,,,,,,,,160.0,,
2002-01-01,Saakow,,,320.0,,,,,945.0,,
2002-01-01,Sablaale,,,2.25,,,,,,,
2002-01-01,Sheikh,,,,,,,,,,
2002-01-01,Tayeeglow,,,100.0,,,,,700.0,,
2002-01-01,Waajid,,,20.0,,,,,300.0,,
2002-01-01,Wanla weyn,,,,,,,,15.4,,
2002-01-01,Xarardheere,,,,,,,,,,
2002-01-01,Xudur,,,20.0,,,,,600.0,,
2002-07-01,Adan Yabaal,,,,,,,,20.0,,
2002-07-01,Afgooye,,,12.6,,,,,,,
2002-07-01,Afmadow,,,220.0,,,,,10.0,,
2002-07-01,Baardheere,,,823.0,,,,,2.533,,
2002-07-01,Badhaadhe,,,600.0,,,,,40.0,,
2002-07-01,Balcad,,,4.0,,,,,3.2,,
2002-07-01,Baraawe,,,6.0,,,,,,,
2002-07-01,Baydhaba,,,3.7,,,,,19.74,,
2002-07-01,Belet Weyne,,,160.0,,,,,210.0,,
2002-07-01,Belet Xaawo,,,30.0,,,,,,,
2002-07-01,Borama,,,360.0,,,,,1.0,,
2002-07-01,Bu'aale,,,2.88,,,,,495.0,,
2002-07-01,Bulo Burto,,,200.0,,,,,,,
2002-07-01,Burco,,,,,,,,,,
2002-07-01,Buur Hakaba,,,510.0,,,,,7.29,,
2002-07-01,Cadale,,,,,,,,9.0,,
2002-07-01,Ceel Bur,,,,,,,,,,
2002-07-01,Ceel Dheer,,,,,,,,,,
2002-07-01,Diinsoor,,,1.35,,,,,17.39,,
2002-07-01,Doolow,,,60.0,,,,,,,
2002-07-01,El berde,,,,,,,,75.0,,
2002-07-01,Garbaharey/Burdhuubo,,,380.0,,,,,130.0,,
2002-07-01,Gebiley,,,400.0,,,,,5.2,,
2002-07-01,Hagar,,,240.0,,,,,36.0,,
2002-07-01,Hargeysa,,,320.0,,,,,1.4,,
2002-07-01,Hobyo,,,,,,,,,,
2002-07-01,Jalalaqsi,,,100.0,,,,,,,
2002-07-01,Jamaame,,,4.8,,,,,,,
2002-07-01,Jilib,,,4.2,,,,,113.0,,
2002-07-01,Jowhar,,,8.35,,,,,5.2,,
2002-07-01,Kismaayo,,,800.0,,,,,,,
2002-07-01,Kurtunwaarey,,,16.1,,,,,,,
2002-07-01,Luuq,,,90.0,,,,,,,
2002-07-01,Marka,,,38.5,,,,,,,
2002-07-01,Owdweyne,,,,,,,,200.0,,
2002-07-01,Qansax Dheere,,,1.36,,,,,11.84,,
2002-07-01,Qoryooley,,,15.3,,,,,300.0,,
2002-07-01,Rab Dhuure,,,,,,,,225.0,,
2002-07-01,Saakow,,,2.1,,,,,1.8,,
2002-07-01,Sablaale,,,3.52,,,,,,,
2002-07-01,Sheikh,,,,,,,,,,
2002-07-01,Tayeeglow,,,15.0,,,,,300.0,,
2002-07-01,Waajid,,,,,,,,180.0,,
2002-07-01,Wanla weyn,,,,,,,,8.4,,
2002-07-01,Xarardheere,,,,,,,,,,
2002-07-01,Xudur,,,30.0,,,,,375.0,,
2003-01-01,Adan Yabaal,,,,,,,,275.0,,
2003-01-01,Afgooye,,,6.6,,,,,8.4,,
2003-01-01,Afmadow,,,150.0,,,,,50.0,,
2003-01-01,Baardheere,,,1.428,,,,,6.0,,
2003-01-01,Badhaadhe,,,210.0,,,,,80.0,,
2003-01-01,Balcad,,,6.0,,,,,4.0,,
2003-01-01,Baraawe,,,800.0,,,,,,,
2003-01-01,Baydhaba,,,,,,,,15.58,,
2003-01-01,Belet Weyne,,,1.2,,,,,4.8,,
2003-01-01,Belet Xaawo,,,180.0,,,,,50.0,,
2003-01-01,Borama,,,,,,,,,,
2003-01-01,Bu'aale,,,720.0,,,,,750.0,,
2003-01-01,Bulo Burto,,,1.2,,,,,3.0,,
2003-01-01,Burco,,,,,,,,,,
2003-01-01,Buur Hakaba,,,,,,,,5.75,,
2003-01-01,Cadale,,,,,,,,106.0,,
2003-01-01,Ceel Bur,,,,,,,,,,
2003-01-01,Ceel Dheer,,,,,,,,,,
2003-01-01,Diinsoor,,,,,,,,11.9,,
2003-01-01,Doolow,,,300.0,,,,,60.0,,
2003-01-01,El berde,,,8.0,,,,,75.0,,
2003-01-01,Garbaharey/Burdhuubo,,,265.0,,,,,510.0,,
2003-01-01,Gebiley,,,,,,,,,,
2003-01-01,Hagar,,,250.0,,,,,80.0,,
2003-01-01,Hargeysa,,,,,,,,,,
2003-01-01,Hobyo,,,,,,,,,,
2003-01-01,Jalalaqsi,,,1.2,,,,,2.1,,
2003-01-01,Jamaame,,,270.0,,,,,,,
2003-01-01,Jilib,,,720.0,,,,,100.0,,
2003-01-01,Jowhar,,,15.9,,,,,6.6,,
2003-01-01,Kismaayo,,,175.0,,,,,,,
2003-01-01,Kurtunwaarey,,,4.51,,,,,,,
2003-01-01,Luuq,,,700.0,,,,,150.0,,
2003-01-01,Marka,,,25.5,,,,,900.0,,
2003-01-01,Owdweyne,,,,,,,,,,
2003-01-01,Qansax Dheere,,,,,,,,9.9,,
2003-01-01,Qoryooley,,,4.41,,,,,750.0,,
2003-01-01,Rab Dhuure,,,175.0,,,,,320.0,,
2003-01-01,Saakow,,,210.0,,,,,1.5,,
2003-01-01,Sablaale,,,1.44,,,,,,,
2003-01-01,Sheikh,,,,,,,,,,
2003-01-01,Tayeeglow,,,300.0,,,,,1.32,,
2003-01-01,Waajid,,,,,,,,360.0,,
2003-01-01,Wanla weyn,,,,,,,,10.8,,
2003-01-01,Xarardheere,,,,,,,,,,
2003-01-01,Xudur,,,375.0,,,,,840.0,,
2003-07-01,Adan Yabaal,,,,,,,,114.0,,
2003-07-01,Afgooye,,,13.35,,,,,,,
2003-07-01,Afmadow,,,978.0,,,,,30.0,,
2003-07-01,Baardheere,,,2.16,,,,,1.35,,
2003-07-01,Badhaadhe,,,1.274,,,,,18.0,,
2003-07-01,Balcad,,,3.85,,,,,900.0,,
2003-07-01,Baraawe,,,3.5,,,,,,,
2003-07-01,Baydhaba,,,3.0,,,,,10.15,,
2003-07-01,Belet Weyne,,,100.0,,,,,200.0,,
2003-07-01,Belet Xaawo,,,30.0,,,,,,,
2003-07-01,Borama,,,1.068,,,,,3.045,,
2003-07-01,Bu'aale,,,250.0,,,,,495.0,,
2003-07-01,Bulo Burto,,,100.0,,,,,150.0,,
2003-07-01,Burco,,,,,,,,,,
2003-07-01,Buur Hakaba,,,600.0,,,,,7.2,,
2003-07-01,Cadale,,,,,,,,72.0,,
2003-07-01,Ceel Bur,,,,,,,,,,
2003-07-01,Ceel Dheer,,,,,,,,,,
2003-07-01,Diinsoor,,,100.0,,,,,4.2,,
2003-07-01,Doolow,,,100.0,,,,,,,
2003-07-01,El berde,,,1.0,,,,,9.0,,
2003-07-01,Garbaharey/Burdhuubo,,,470.0,,,,,315.0,,
2003-07-01,Gebiley,,,1.736,,,,,18.365,,
2003-07-01,Hagar,,,130.0,,,,,70.0,,
2003-07-01,Hargeysa,,,475.0,,,,,3.132,,
2003-07-01,Hobyo,,,,,,,,,,
2003-07-01,Jalalaqsi,,,300.0,,,,,40.0,,
2003-07-01,Jamaame,3.3,,3.3,,,,,,,
2003-07-01,Jilib,,,2.0,,,,,38.0,,
2003-07-01,Jowhar,,,9.65,,,,,1.5,,
2003-07-01,Kismaayo,,,800.0,,,,,,,
2003-07-01,Kurtunwaarey,,,11.5,,,,,,,
2003-07-01,Luuq,,,240.0,,,,,,,
2003-07-01,Marka,,,40.85,,,,,,,
2003-07-01,Owdweyne,,,10.0,,,,,385.0,,
2003-07-01,Qansax Dheere,,,800.0,,,,,3.0,,
2003-07-01,Qoryooley,,,15.638,,,,,80.0,,
2003-07-01,Rab Dhuure,,,16.0,,,,,31.0,,
2003-07-01,Saakow,,,180.0,,,,,2.4,,
2003-07-01,Sablaale,,,3.2,,,,,,,
2003-07-01,Sheikh,,,,,,,,,,
2003-07-01,Tayeeglow,,,19.0,,,,,45.0,,
2003-07-01,Waajid,,,,,,,,162.0,,
2003-07-01,Wanla weyn,,,,,,,,5.2,,
2003-07-01,Xarardheere,,,,,,,,,,
2003-07-01,Xudur,,,20.0,,,,,33.0,,
2004-01-01,Adan Yabaal,,,,,,,,3.0,,
2004-01-01,Afgooye,,,5.4,,,,,3.0,,
2004-01-01,Afmadow,,,150.0,,,,,30.0,,
2004-01-01,Baardheere,,,1.25,,,,,5.7,,
2004-01-01,Badhaadhe,,,200.0,,,,,28.0,,
2004-01-01,Balcad,,,3.6,,,,,5.0,,
2004-01-01,Baraawe,,,250.0,,,,,,,
2004-01-01,Baydhaba,,,500.0,,,,,5.0,,
2004-01-01,Belet Weyne,,,150.0,,,,,1.2,,
2004-01-01,Belet Xaawo,,,30.0,,,,,30.0,,
2004-01-01,Borama,,,,,,,,,,
2004-01-01,Bu'aale,,,320.0,,,,,750.0,,
2004-01-01,Bulo Burto,,,280.0,,,,,1.0,,
2004-01-01,Burco,,,,,,,,,,
2004-01-01,Buur Hakaba,,,400.0,,,,,2.5,,
2004-01-01,Cadale,,,,,,,,3.0,,
2004-01-01,Ceel Bur,,,,,,,,,,
2004-01-01,Ceel Dheer,,,,,,,,,,
2004-01-01,Diinsoor,,,400.0,,,,,12.0,,
2004-01-01,Doolow,,,80.0,,,,,30.0,,
2004-01-01,El berde,,,,,,,,,,
2004-01-01,Garbaharey/Burdhuubo,,,184.0,,,,,76.0,,
2004-01-01,Gebiley,,,,,,,,,,
2004-01-01,Hagar,,,150.0,,,,,20.0,,
2004-01-01,Hargeysa,,,,,,,,,,
2004-01-01,Hobyo,,,,,,,,,,
2004-01-01,Jalalaqsi,,,200.0,,,,,640.0,,
2004-01-01,Jamaame,,,240.0,,,,,,,
2004-01-01,Jilib,,,920.0,,,,,,,
2004-01-01,Jowhar,,,7.8,,,,,1.4,,
2004-01-01,Kismaayo,,,200.0,,,,,,,
2004-01-01,Kurtunwaarey,,,3.85,,,,,,,
2004-01-01,Luuq,,,280.0,,,,,100.0,,
2004-01-01,Marka,,,14.0,,,,,450.0,,
2004-01-01,Owdweyne,,,,,,,,,,
2004-01-01,Qansax Dheere,,,800.0,,,,,10.0,,
2004-01-01,Qoryooley,,,5.5,,,,,800.0,,
2004-01-01,Rab Dhuure,,,,,,,,,,
2004-01-01,Saakow,,,320.0,,,,,1.5,,
2004-01-01,Sablaale,,,490.0,,,,,,,
2004-01-01,Sheikh,,,,,,,,,,
2004-01-01,Tayeeglow,,,,,,,,,,
2004-01-01,Waajid,,,,,,,,363.0,,
2004-01-01,Wanla weyn,,,,,,,,6.4,,
2004-01-01,Xarardheere,,,,,,,,,,
2004-01-01,Xudur,,,,,,,,,,
2004-07-01,Adan Yabaal,,,,,,,,,,
2004-07-01,Afgooye,,,13.75,,,,,,,
2004-07-01,Afmadow,,,15.0,,,,,25.0,,
2004-07-01,Baardheere,,,1.5,,,,,2.88,,
2004-07-01,Badhaadhe,,,240.0,,,,,45.0,,
2004-07-01,Balcad,,,4.8,,,,,,,
2004-07-01,Baraawe,,,1.8,,,,,,,
2004-07-01,Baydhaba,,,2.4,,,,,7.5,,
2004-07-01,Belet Weyne,,,240.0,,,,,540.0,,
2004-07-01,Belet Xaawo,,,24.0,,,,,,,
2004-07-01,Borama,,,840.0,,,,,3.75,,
2004-07-01,Bu'aale,,,180.0,,,,,99.0,,
2004-07-01,Bulo Burto,,,900.0,,,,,1.2,,
2004-07-01,Burco,,,48.0,,,,,112.0,,
2004-07-01,Buur Hakaba,,,900.0,,,,,5.4,,
2004-07-01,Cadale,,,,,,,,,,
2004-07-01,Ceel Bur,,,,,,,,,,
2004-07-01,Ceel Dheer,,,,,,,,,,
2004-07-01,Diinsoor,,,400.0,,,,,5.2,,
2004-07-01,Doolow,,,40.0,,,,,,,
2004-07-01,El berde,,,,,,,,16.0,,
2004-07-01,Garbaharey/Burdhuubo,,,34.0,,,,,7.0,,
2004-07-01,Gebiley,,,1.26,,,,,8.4,,
2004-07-01,Hagar,,,90.0,,,,,175.0,,
2004-07-01,Hargeysa,,,480.0,,,,,775.0,,
2004-07-01,Hobyo,,,,,,,,,,
2004-07-01,Jalalaqsi,,,1.4,,,,,150.0,,
2004-07-01,Jamaame,,,106.0,,,,,,,
2004-07-01,Jilib,,,720.0,,,,,,,
2004-07-01,Jowhar,,,10.4,,,,,2.3,,
2004-07-01,Kismaayo,,,160.0,,,,,,,
2004-07-01,Kurtunwaarey,,,14.86,,,,,,,
2004-07-01,Luuq,,,200.0,,,,,,,
2004-07-01,Marka,,,21.0,,,,,,,
2004-07-01,Owdweyne,,,34.0,,,,,1.17,,
2004-07-01,Qansax Dheere,,,400.0,,,,,4.6,,
2004-07-01,Qoryooley,,,10.2,,,,,,,
2004-07-01,Rab Dhuure,,,,,,,,36.0,,
2004-07-01,Saakow,,,240.0,,,,,720.0,,
2004-07-01,Sablaale,,,2.0,,,,,,,
2004-07-01,Sheikh,,,26.0,,,,,185.0,,
2004-07-01,Tayeeglow,,,7.0,,,,,128.0,,
2004-07-01,Waajid,,,,,,,,180.0,,
2004-07-01,Wanla weyn,,,,,,,,5.0,,
2004-07-01,Xarardheere,,,,,,,,,,
2004-07-01,Xudur,,,10.0,,,,,92.0,,
2005-01-01,Adan Yabaal,,,,,,,,,,
2005-01-01,Afgooye,,,4.0,,,,560.0,9.42,,
2005-01-01,Afmadow,20.0,,150.0,,,,,24.0,,
2005-01-01,Baardheere,480.0,,2.45,,,,900.0,10.5,,
2005-01-01,Badhaadhe,16.0,,180.0,,,,9.0,18.0,,
2005-01-01,Balcad,,,2.1,,,,700.0,1.5,,
2005-01-01,Baraawe,,,720.0,,,,1.5,,,
2005-01-01,Baydhaba,,,1.4,,,,,9.0,,
2005-01-01,Belet Weyne,,,360.0,,,,,5.98,,
2005-01-01,Belet Xaawo,,,300.0,,,,,56.0,,
2005-01-01,Borama,,,,,,,,,,
2005-01-01,Bu'aale,23.0,,400.0,,,,750.0,1.25,,
2005-01-01,Bulo Burto,,,720.0,,,,,2.88,,
2005-01-01,Burco,,,,,,,,,,
2005-01-01,Buur Hakaba,,,600.0,,,,,14.0,,
2005-01-01,Cadale,,,,,,,,,,
2005-01-01,Ceel Bur,,,,,,,,,,
2005-01-01,Ceel Dheer,,,,,,,,,,
2005-01-01,Diinsoor,,,400.0,,,,,10.0,,
2005-01-01,Doolow,,,280.0,,,,,80.0,,
2005-01-01,El berde,,,28.0,,,,,59.0,,
2005-01-01,Garbaharey/Burdhuubo,14.0,,285.0,,,,26.0,180.0,,
2005-01-01,Gebiley,,,,,,,,,,
2005-01-01,Hagar,4.0,,40.0,,,,2.0,40.0,,
2005-01-01,Hargeysa,,,,,,,,,,
2005-01-01,Hobyo,,,,,,,,,,
2005-01-01,Jalalaqsi,,,650.0,,,,180.0,875.0,,
2005-01-01,Jamaame,30.0,,372.0,,,,729.0,,,
2005-01-01,Jilib,15.0,,480.0,,,,450.0,,,
2005-01-01,Jowhar,,,2.875,,,,1.38,1.92,,
2005-01-01,Kismaayo,2.0,,148.0,,,,141.0,,,
2005-01-01,Kurtunwaarey,,,1.33,,,,8.3,,,
2005-01-01,Luuq,,,900.0,,,,,200.0,,
2005-01-01,Marka,,,7.16,,,,1.6,800.0,,
2005-01-01,Owdweyne,,,,,,,,,,
2005-01-01,Qansax Dheere,,,400.0,,,,,7.8,,
2005-01-01,Qoryooley,,,735.0,,,,1.68,500.0,,
2005-01-01,Rab Dhuure,,,31.0,,,,,172.0,,
2005-01-01,Saakow,12.0,,160.0,,,,600.0,3.0,,
2005-01-01,Sablaale,,,600.0,,,,1.02,,,
2005-01-01,Sheikh,,,,,,,,,,
2005-01-01,Tayeeglow,,,93.0,,,,,898.0,,
2005-01-01,Waajid,,,,,,,,600.0,,
2005-01-01,Wanla weyn,,,,,,,400.0,11.9,,
2005-01-01,Xarardheere,,,,,,,,,,
2005-01-01,Xudur,,,93.0,,,,,730.0,,
2005-07-01,Adan Yabaal,,,,,,,,,,
2005-07-01,Afgooye,,,4.0,,,,,,,
2005-07-01,Afmadow,,,70.0,,,,,18.0,,
2005-07-01,Baardheere,,,261.0,,,,,70.0,,
2005-07-01,Badhaadhe,,,200.0,,,,,24.0,,
2005-07-01,Balcad,,,3.6,,,,,850.0,,
2005-07-01,Baraawe,,,600.0,,,,,,,
2005-07-01,Baydhaba,,,1.0,,,,,7.5,,
2005-07-01,Belet Weyne,,,,,,,,50.0,,
2005-07-01,Belet Xaawo,,,50.0,,,,,,,
2005-07-01,Borama,,,1.553,,,,,3.451,,
2005-07-01,Bu'aale,600.0,,2.432,,,,140.0,12.0,,
2005-07-01,Bulo Burto,,,,,,,,60.0,,
2005-07-01,Burco,,,20.0,,,,,138.0,,
2005-07-01,Buur Hakaba,,,400.0,,,,,1.0,,
2005-07-01,Cadale,,,,,,,,75.0,,
2005-07-01,Ceel Bur,,,,,,,,,,
2005-07-01,Ceel Dheer,,,,,,,,,,
2005-07-01,Diinsoor,,,100.0,,,,,2.0,,
2005-07-01,Doolow,,,75.0,,,,,,,
2005-07-01,El berde,,,,,,,,,,
2005-07-01,Garbaharey/Burdhuubo,,,27.0,,,,,8.0,,
2005-07-01,Gebiley,,,1.8,,,,,15.249,,
2005-07-01,Hagar,,,2.0,,,,,10.0,,
2005-07-01,Hargeysa,,,1.17,,,,,1.548,,
2005-07-01,Hobyo,,,,,,,,,,
2005-07-01,Jalalaqsi,,,,,,,,30.0,,
2005-07-01,Jamaame,,,336.0,,,,,,,
2005-07-01,Jilib,,,1.815,,,,,75.0,,
2005-07-01,Jowhar,,,12.4,,,,,3.5,,
2005-07-01,Kismaayo,,,180.0,,,,,,,
2005-07-01,Kurtunwaarey,,,7.2,,,,,,,
2005-07-01,Luuq,,,50.0,,,,,,,
2005-07-01,Marka,,,12.0,,,,,,,
2005-07-01,Owdweyne,,,40.0,,,,,660.0,,
2005-07-01,Qansax Dheere,,,100.0,,,,,800.0,,
2005-07-01,Qoryooley,,,9.2,,,,,,,
2005-07-01,Rab Dhuure,,,,,,,,19.0,,
2005-07-01,Saakow,320.0,,1.37,,,,120.0,20.0,,
2005-07-01,Sablaale,,,2.24,,,,,,,
2005-07-01,Sheikh,,,20.0,,,,,66.0,,
2005-07-01,Tayeeglow,,,74.0,,,,,622.0,,
2005-07-01,Waajid,,,,,,,,140.0,,
2005-07-01,Wanla weyn,,,,,,,,1.5,,
2005-07-01,Xarardheere,,,,,,,,,,
2005-07-01,Xudur,,,61.0,,,,,62.0,,
2006-01-01,Adan Yabaal,,,,,,,,10.0,,
2006-01-01,Afgooye,,,2.0,,,,,1.6,,
2006-01-01,Afmadow,,,6.0,,,,,,,
2006-01-01,Baardheere,,,504.0,,,,,210.0,,
2006-01-01,Badhaadhe,,,,,,,,,,
2006-01-01,Balcad,,,2.0,,,,,1.0,,
2006-01-01,Baraawe,,,,,,,,,,
2006-01-01,Baydhaba,,,200.0,,,,,2.0,,
2006-01-01,Belet Weyne,,,120.0,,,,,540.0,,
2006-01-01,Belet Xaawo,,,32.0,,,,,,,
2006-01-01,Borama,,,,,,,,,,
2006-01-01,Bu'aale,,,70.0,,,,,30.0,,
2006-01-01,Bulo Burto,,,,,,,,210.0,,
2006-01-01,Burco,,,,,,,,,,
2006-01-01,Buur Hakaba,,,100.0,,,,,2.25,,
2006-01-01,Cadale,,,,,,,,10.0,,
2006-01-01,Ceel Bur,,,,,,,,,,
2006-01-01,Ceel Dheer,,,,,,,,,,
2006-01-01,Diinsoor,,,80.0,,,,,1.0,,
2006-01-01,Doolow,,,,,,,,,,
2006-01-01,El berde,,,,,,,,,,
2006-01-01,Garbaharey/Burdhuubo,,,68.0,,,,,,,
2006-01-01,Gebiley,,,,,,,,,,
2006-01-01,Hagar,,,18.0,,,,,,,
2006-01-01,Hargeysa,,,,,,,,,,
2006-01-01,Hobyo,,,,,,,,,,
2006-01-01,Jalalaqsi,,,350.0,,,,,,,
2006-01-01,Jamaame,,,,,,,,,,
2006-01-01,Jilib,,,60.0,,,,,,,
2006-01-01,Jowhar,,,2.5,,,,,1.8,,
2006-01-01,Kismaayo,,,,,,,,,,
2006-01-01,Kurtunwaarey,,,6.6,,,,,,,
2006-01-01,Luuq,,,40.0,,,,,,,
2006-01-01,Marka,,,7.2,,,,,30.0,,
2006-01-01,Owdweyne,,,,,,,,,,
2006-01-01,Qansax Dheere,,,50.0,,,,,1.4,,
2006-01-01,Qoryooley,,,5.1,,,,,750.0,,
2006-01-01,Rab Dhuure,,,,,,,,,,
2006-01-01,Saakow,,,70.0,,,,,70.0,,
2006-01-01,Sablaale,,,850.0,,,,,,,
2006-01-01,Sheikh,,,,,,,,,,
2006-01-01,Tayeeglow,,,,,,,,166.0,,
2006-01-01,Waajid,,,,,,,,30.0,,
2006-01-01,Wanla weyn,,,,,,,,1.2,,
2006-01-01,Xarardheere,,,,,,,,,,
2006-01-01,Xudur,,,,,,,,55.0,,
2006-07-01,Adan Yabaal,,,,,,,,25.0,,
2006-07-01,Afgooye,,,5.4,,,,,,,
2006-07-01,Afmadow,,,20.0,,,,,16.0,,
2006-07-01,Baardheere,,,1.23,,,,,2.928,,
2006-07-01,Badhaadhe,,,153.0,,,,,,,
2006-07-01,Balcad,,,3.85,,,,,2.55,,
2006-07-01,Baraawe,,,400.0,,,,,,,
2006-07-01,Baydhaba,,,500.0,,,,,11.4,,
2006-07-01,Belet Weyne,,,240.0,,,,,280.0,,
2006-07-01,Belet Xaawo,,,24.0,,,,,,,
2006-07-01,Borama,,,828.0,,,,,3.75,,
2006-07-01,Bu'aale,,,367.0,,,,,100.0,,
2006-07-01,Bulo Burto,4.0,,120.0,,,,,516.0,,
2006-07-01,Burco,,,8.0,,,,,81.0,,
2006-07-01,Buur Hakaba,,,140.0,,,,,6.0,,
2006-07-01,Cadale,,,,,,,,20.0,,
2006-07-01,Ceel Bur,,,,,,,,,,
2006-07-01,Ceel Dheer,,,,,,,,,,
2006-07-01,Diinsoor,,,1.2,,,,,9.2,,
2006-07-01,Doolow,,,45.0,,,,,,,
2006-07-01,El berde,,,,,,,,,,
2006-07-01,Garbaharey/Burdhuubo,,,118.0,,,,,11.0,,
2006-07-01,Gebiley,,,1.794,,,,,16.686,,
2006-07-01,Hagar,,,20.0,,,,,24.0,,
2006-07-01,Hargeysa,,,369.0,,,,,972.0,,
2006-07-01,Hobyo,,,,,,,,,,
2006-07-01,Jalalaqsi,38.0,,200.0,,,,,90.0,,
2006-07-01,Jamaame,200.0,,292.0,,,,900.0,,,
2006-07-01,Jilib,120.0,,828.0,,,,400.0,,,
2006-07-01,Jowhar,,,7.2,,,,,5.1,,
2006-07-01,Kismaayo,120.0,,1.544,,,,80.0,,,
2006-07-01,Kurtunwaarey,,,11.0,,,,,,,
2006-07-01,Luuq,,,100.0,,,,,20.0,,
2006-07-01,Marka,,,14.4,,,,,,,
2006-07-01,Owdweyne,,,20.0,,,,,420.0,,
2006-07-01,Qansax Dheere,,,900.0,,,,,8.8,,
2006-07-01,Qoryooley,,,8.96,,,,,,,
2006-07-01,Rab Dhuure,,,,,,,,80.0,,
2006-07-01,Saakow,,,41.0,,,,,180.0,,
2006-07-01,Sablaale,,,2.4,,,,,,,
2006-07-01,Sheikh,,,14.0,,,,,78.0,,
2006-07-01,Tayeeglow,,,80.0,,,,,700.0,,
2006-07-01,Waajid,,,35.0,,,,,300.0,,
2006-07-01,Wanla weyn,,,,,,,,4.5,,
2006-07-01,Xarardheere,,,,,,,,,,
2006-07-01,Xudur,,,80.0,,,,,150.0,,
2007-01-01,Adan Yabaal,,,,,,,,30.0,,
2007-01-01,Afgooye,,,3.6,,,,,5.6,,
2007-01-01,Afmadow,,,,,,,,,,
2007-01-01,Baardheere,5.0,,135.0,,,,132.0,2.32,,
2007-01-01,Badhaadhe,,,35.0,,,,,,,
2007-01-01,Balcad,,,2.805,,,,140.0,2.0,,
2007-01-01,Baraawe,,,350.0,,,,,,,
2007-01-01,Baydhaba,,,4.32,,,,,14.4,,
2007-01-01,Belet Weyne,11.0,,32.0,,,,115.0,1.5,,
2007-01-01,Belet Xaawo,1.0,,8.0,,,,,35.0,,
2007-01-01,Borama,,,,,,,,,,
2007-01-01,Bu'aale,48.0,,160.0,,,,575.0,892.0,,
2007-01-01,Bulo Burto,,,654.0,,,,39.0,3.6,,
2007-01-01,Burco,,,,,,,,,,
2007-01-01,Buur Hakaba,,,3.36,,,,,11.2,,
2007-01-01,Cadale,,,,,,,,20.0,,
2007-01-01,Ceel Bur,,,,,,,,,,
2007-01-01,Ceel Dheer,385.0,,,,,,,,,
2007-01-01,Diinsoor,,,1.05,,,,,13.125,,
2007-01-01,Doolow,1.0,,9.0,,,,,26.0,,
2007-01-01,El berde,,,82.0,,,,,205.0,,
2007-01-01,Garbaharey/Burdhuubo,3.0,,113.0,,,,,70.0,,
2007-01-01,Gebiley,,,,,,,,,,
2007-01-01,Hagar,,,,,,,,88.0,,
2007-01-01,Hargeysa,,,,,,,,,,
2007-01-01,Hobyo,,,,,,,,,,
2007-01-01,Jalalaqsi,,,472.0,,,,1.368,500.0,,
2007-01-01,Jamaame,60.0,,200.0,,,,250.0,,,
2007-01-01,Jilib,78.0,,260.0,,,,325.0,,,
2007-01-01,Jowhar,,,7.83,,,,225.0,2.8,,
2007-01-01,Kismaayo,30.0,,850.0,,,,413.0,,,
2007-01-01,Kurtunwaarey,,,1.19,,,,,,,
2007-01-01,Luuq,1.0,,17.0,,,,,84.0,,
2007-01-01,Marka,,,1.4,,,,,20.0,,
2007-01-01,Owdweyne,,,,,,,,,,
2007-01-01,Qansax Dheere,,,1.14,,,,,14.25,,
2007-01-01,Qoryooley,,,800.0,,,,,2.4,,
2007-01-01,Rab Dhuure,,,69.0,,,,,1.074,,
2007-01-01,Saakow,24.0,,80.0,,,,175.0,3.99,,
2007-01-01,Sablaale,,,80.0,,,,,,,
2007-01-01,Sheikh,,,,,,,,,,
2007-01-01,Tayeeglow,,,300.0,,,,,1.02,,
2007-01-01,Waajid,,,204.0,,,,,1.088,,
2007-01-01,Wanla weyn,,,,,,,,5.4,,
2007-01-01,Xarardheere,,,,,,,,,,
2007-01-01,Xudur,,,184.0,,,,,1.313,,
2007-07-01,Adan Yabaal,,,,,,,,15.0,,
2007-07-01,Afgooye,,,4.55,,,,,100.0,,
2007-07-01,Afmadow,,,10.0,,,,,,,
2007-07-01,Baardheere,,,55.0,,,,,7.0,,
2007-07-01,Badhaadhe,,,280.0,,,,,,,
2007-07-01,Balcad,,,1.5,,,,,450.0,,
2007-07-01,Baraawe,,,225.0,,,,,,,
2007-07-01,Baydhaba,,,58.0,,,,,1.187,,
2007-07-01,Belet Weyne,,,300.0,,,,,840.0,,
2007-07-01,Belet Xaawo,,,,,,,,,,
2007-07-01,Borama,,,1.219,,,,,3.186,,
2007-07-01,Bu'aale,,,180.0,,,,,140.0,,
2007-07-01,Bulo Burto,,,102.0,,,,,350.0,,
2007-07-01,Burco,,,13.0,,,,,70.0,,
2007-07-01,Buur Hakaba,,,40.0,,,,,568.0,,
2007-07-01,Cadale,,,,,,,,10.0,,
2007-07-01,Ceel Bur,,,,,,,,,,
2007-07-01,Ceel Dheer,,,,,,,,,,
2007-07-01,Diinsoor,,,36.0,,,,,699.0,,
2007-07-01,Doolow,,,5.0,,,,,,,
2007-07-01,El berde,,,,,,,,,,
2007-07-01,Garbaharey/Burdhuubo,,,8.0,,,,,,,
2007-07-01,Gebiley,,,2.121,,,,,17.29,,
2007-07-01,Hagar,,,184.0,,,,,15.0,,
2007-07-01,Hargeysa,,,555.0,,,,,1.35,,
2007-07-01,Hobyo,,,,,,,,,,
2007-07-01,Jalalaqsi,,,240.0,,,,,80.0,,
2007-07-01,Jamaame,,,2.287,,,,,,,
2007-07-01,Jilib,,,4.54,,,,,,,
2007-07-01,Jowhar,,,4.8,,,,,1.2,,
2007-07-01,Kismaayo,,,264.0,,,,,,,
2007-07-01,Kurtunwaarey,,,3.2,,,,,,,
2007-07-01,Luuq,,,11.0,,,,,2.0,,
2007-07-01,Marka,,,8.0,,,,,,,
2007-07-01,Owdweyne,,,91.0,,,,,716.0,,
2007-07-01,Qansax Dheere,,,42.0,,,,,453.0,,
2007-07-01,Qoryooley,,,7.6,,,,,60.0,,
2007-07-01,Rab Dhuure,,,,,,,,,,
2007-07-01,Saakow,,,60.0,,,,,125.0,,
2007-07-01,Sablaale,,,2.16,,,,,,,
2007-07-01,Sheikh,,,23.0,,,,,105.0,,
2007-07-01,Tayeeglow,,,,,,,,58.0,,
2007-07-01,Waajid,,,4.0,,,,,30.0,,
2007-07-01,Wanla weyn,,,,,,,,1.4,,
2007-07-01,Xarardheere,,,,,,,,,,
2007-07-01,Xudur,,,5.0,,,,,30.0,,
2008-01-01,Adan Yabaal,,,,,,,,,,
2008-01-01,Afgooye,,,800.0,,,,120.0,4.4,,
2008-01-01,Afmadow,,,15.0,,,,,,,
2008-01-01,Baardheere,,,3.33,,,,,11.4,,
2008-01-01,Badhaadhe,,,180.0,,,,,,,
2008-01-01,Balcad,,,818.0,,,,,896.0,,
2008-01-01,Baraawe,,,350.0,,,,560.0,,,
2008-01-01,Baydhaba,,,945.0,,,,,8.964,,
2008-01-01,Belet Weyne,,,200.0,,,,,480.0,,
2008-01-01,Belet Xaawo,,,21.0,,,,,,,
2008-01-01,Borama,,,,,,,,,,
2008-01-01,Bu'aale,,,320.0,,,,,1.32,,
2008-01-01,Bulo Burto,,,140.0,,,,,520.0,,
2008-01-01,Burco,,,,,,,,,,
2008-01-01,Buur Hakaba,,,560.0,,,,,8.82,,
2008-01-01,Cadale,,,,,,,,,,
2008-01-01,Ceel Bur,,,,,,,,,,
2008-01-01,Ceel Dheer,,,,,,,,,,
2008-01-01,Diinsoor,,,560.0,,,,,11.76,,
2008-01-01,Doolow,,,42.0,,,,,,,
2008-01-01,El berde,,,,,,,,,,
2008-01-01,Garbaharey/Burdhuubo,,,155.0,,,,,,,
2008-01-01,Gebiley,,,,,,,,,,
2008-01-01,Hagar,,,210.0,,,,,,,
2008-01-01,Hargeysa,,,,,,,,,,
2008-01-01,Hobyo,,,,,,,,,,
2008-01-01,Jalalaqsi,,,350.0,,,,,700.0,,
2008-01-01,Jamaame,,,35.0,,,,,,,
2008-01-01,Jilib,,,976.0,,,,,,,
2008-01-01,Jowhar,,,3.975,,,,,2.42,,
2008-01-01,Kismaayo,,,120.0,,,,,,,
2008-01-01,Kurtunwaarey,,,2.35,,,,1.2,,,
2008-01-01,Luuq,,,42.0,,,,,30.0,,
2008-01-01,Marka,,,3.0,,,,90.0,5.0,,
2008-01-01,Owdweyne,,,,,,,,,,
2008-01-01,Qansax Dheere,,,684.0,,,,,7.224,,
2008-01-01,Qoryooley,,,2.22,,,,360.0,800.0,,
2008-01-01,Rab Dhuure,,,,,,,,,,
2008-01-01,Saakow,,,120.0,,,,,4.56,,
2008-01-01,Sablaale,,,54.0,,,,110.0,,,
2008-01-01,Sheikh,,,,,,,,,,
2008-01-01,Tayeeglow,,,192.0,,,,,1.632,,
2008-01-01,Waajid,,,,,,,,218.0,,
2008-01-01,Wanla weyn,,,,,,,6.0,5.631,,
2008-01-01,Xarardheere,,,,,,,,,,
2008-01-01,Xudur,,,100.0,,,,,728.0,,
2008-07-01,Adan Yabaal,,,,,,,,,,
2008-07-01,Afgooye,720.0,,12.567,,,,50.0,27.0,,
2008-07-01,Afmadow,,,24.0,,,,,,,
2008-07-01,Baardheere,,,631.0,,,,,144.0,,
2008-07-01,Badhaadhe,,,455.0,,,,,,,
2008-07-01,Balcad,,,1.25,,,,,400.0,,
2008-07-01,Baraawe,10.0,,448.0,,,,10.0,,,
2008-07-01,Baydhaba,,,1.1,,,,,13.3,,
2008-07-01,Belet Weyne,,,200.0,,,,,720.0,,
2008-07-01,Belet Xaawo,,,24.0,,,,,,,
2008-07-01,Borama,29.0,,340.0,,,,,1.225,,
2008-07-01,Bu'aale,,,304.0,,,,,40.0,,
2008-07-01,Bulo Burto,,,140.0,,,,,500.0,,
2008-07-01,Burco,2.0,,12.0,,,,,100.0,,
2008-07-01,Buur Hakaba,,,80.0,,,,,2.388,,
2008-07-01,Cadale,,,,,,,,,,
2008-07-01,Ceel Bur,,,,,,,,,,
2008-07-01,Ceel Dheer,,,,,,,,,,
2008-07-01,Diinsoor,,,453.0,,,,,8.127,,
2008-07-01,Doolow,,,45.0,,,,,,,
2008-07-01,El berde,,,,,,,,,,
2008-07-01,Garbaharey/Burdhuubo,,,79.0,,,,,,,
2008-07-01,Gebiley,160.0,,650.0,,,,,13.58,,
2008-07-01,Hagar,,,72.0,,,,,36.0,,
2008-07-01,Hargeysa,10.0,,100.0,,,,,750.0,,
2008-07-01,Hobyo,,,,,,,,,,
2008-07-01,Jalalaqsi,,,293.0,,,,,140.0,,
2008-07-01,Jamaame,,,3.655,,,,,,,
2008-07-01,Jilib,,,2.05,,,,,,,
2008-07-01,Jowhar,,,3.0,,,2.0,,800.0,,
2008-07-01,Kismaayo,,,780.0,,,,,,,
2008-07-01,Kurtunwaarey,50.0,,6.852,,,,400.0,,,
2008-07-01,Luuq,,,52.0,,,,,,,
2008-07-01,Marka,150.0,,15.804,,,,100.0,15.0,,
2008-07-01,Owdweyne,24.0,,115.0,,,,,500.0,,
2008-07-01,Qansax Dheere,,,600.0,,,,,7.77,,
2008-07-01,Qoryooley,75.0,,6.2,,,,40.0,60.0,,
2008-07-01,Rab Dhuure,,,,,,,,10.0,,
2008-07-01,Saakow,,,36.0,,,,,56.0,,
2008-07-01,Sablaale,10.0,,1.8,,,,120.0,,,
2008-07-01,Sheikh,6.0,,60.0,,,,,120.0,,
2008-07-01,Tayeeglow,,,3.0,,,,,30.0,,
2008-07-01,Waajid,,,,,,,,25.0,,
2008-07-01,Wanla weyn,,,,,,,,8.0,,
2008-07-01,Xarardheere,,,,,,,,,,
2008-07-01,Xudur,,,4.0,,,,,25.0,,
2009-01-01,Adan Yabaal,,,,,,,,,,
2009-01-01,Afgooye,,,320.0,,,,15.0,60.0,,
2009-01-01,Afmadow,,,120.0,,,,,,,
2009-01-01,Baardheere,,,1.081,,,,,865.0,,
2009-01-01,Badhaadhe,,,80.0,,,,,,,
2009-01-01,Balcad,,,1.25,,,,140.0,400.0,,
2009-01-01,Baraawe,,,90.0,,,,200.0,,,
2009-01-01,Baydhaba,,,200.0,,,,,11.1,,
2009-01-01,Belet Weyne,44.0,,960.0,,,,,2.4,,
2009-01-01,Belet Xaawo,,,,,,,,29.0,,
2009-01-01,Borama,,,,,,,,,,
2009-01-01,Bu'aale,,,930.0,,,,,120.0,,
2009-01-01,Bulo Burto,8.0,,200.0,,,,,315.0,,
2009-01-01,Burco,,,,,,,,,,
2009-01-01,Buur Hakaba,,,50.0,,,,,2.8,,
2009-01-01,Cadale,,,,,,,,,,
2009-01-01,Ceel Bur,,,,,,,,,,
2009-01-01,Ceel Dheer,,,,,,,,,,
2009-01-01,Diinsoor,,,100.0,,,,,5.2,,
2009-01-01,Doolow,,,,,,,,18.0,,
2009-01-01,El berde,,,,,,,,,,
2009-01-01,Garbaharey/Burdhuubo,,,41.0,,,,,72.0,,
2009-01-01,Gebiley,,,,,,,,,,
2009-01-01,Hagar,,,30.0,,,,,15.0,,
2009-01-01,Hargeysa,,,,,,,,,,
2009-01-01,Hobyo,,,,,,,,,,
2009-01-01,Jalalaqsi,100.0,,360.0,,,,,270.0,,
2009-01-01,Jamaame,,,2.0,,,,,,,
2009-01-01,Jilib,,,2.045,,,,,,,
2009-01-01,Jowhar,,,3.0,,,2.5,160.0,800.0,,
2009-01-01,Kismaayo,,,90.0,,,,,,,
2009-01-01,Kurtunwaarey,,,3.6,,,,1.2,,,
2009-01-01,Luuq,,,,,,,,120.0,,
2009-01-01,Marka,,,4.0,,,,200.0,,,
2009-01-01,Owdweyne,,,,,,,,,,
2009-01-01,Qansax Dheere,,,100.0,,,,,2.4,,
2009-01-01,Qoryooley,,,4.25,,,,80.0,100.0,,
2009-01-01,Rab Dhuure,,,,,,,,405.0,,
2009-01-01,Saakow,,,450.0,,,,,1.075,,
2009-01-01,Sablaale,,,20.0,,,,140.0,,,
2009-01-01,Sheikh,,,,,,,,,,
2009-01-01,Tayeeglow,,,29.0,,,,,480.0,,
2009-01-01,Waajid,,,,,,,,225.0,,
2009-01-01,Wanla weyn,,,,,,,,150.0,,
2009-01-01,Xarardheere,,,,,,,,,,
2009-01-01,Xudur,,,60.0,,,,,1.56,,
2009-07-01,Adan Yabaal,20.0,,,,,,,60.0,,
2009-07-01,Afgooye,600.0,,13.8,,,,120.0,50.0,,
2009-07-01,Afmadow,32.0,,585.0,,,,149.0,,,
2009-07-01,Baardheere,25.0,,1.163,,,,,126.0,,
2009-07-01,Badhaadhe,10.0,,60.0,,,,12.0,,,
2009-07-01,Balcad,120.0,,1.925,,,,140.0,600.0,,
2009-07-01,Baraawe,60.0,,1.6,,,,40.0,,,
2009-07-01,Baydhaba,750.0,,1.277,,,,400.0,9.0,,
2009-07-01,Belet Weyne,,,120.0,,,,,240.0,,
2009-07-01,Belet Xaawo,,,3.0,,,,,,,
2009-07-01,Borama,30.0,,60.0,,,,,824.0,,
2009-07-01,Bu'aale,142.0,,3.725,,,,680.0,300.0,,
2009-07-01,Bulo Burto,,,100.0,,,,,170.0,,
2009-07-01,Burco,,,,,,,,10.0,,
2009-07-01,Buur Hakaba,450.0,,900.0,,,,75.0,6.302,,
2009-07-01,Cadale,40.0,,,,,,,42.0,,
2009-07-01,Ceel Bur,,,,,,,,,,
2009-07-01,Ceel Dheer,,,,,,,,,,
2009-07-01,Diinsoor,238.0,,741.0,400.0,,,,12.0,,
2009-07-01,Doolow,,,43.0,,,,,,56.0,
2009-07-01,El berde,,,,,,,,,,
2009-07-01,Garbaharey/Burdhuubo,,,56.0,,,,,,,
2009-07-01,Gebiley,60.0,,117.0,,,,,9.0,,
2009-07-01,Hagar,,,10.0,,,,,,,
2009-07-01,Hargeysa,15.0,,60.0,,,,,500.0,,
2009-07-01,Hobyo,,,,,,,,,,
2009-07-01,Jalalaqsi,,,40.0,,,,,85.0,,
2009-07-01,Jamaame,557.0,,11.961,,,,1.012,,,
2009-07-01,Jilib,111.0,,5.0,,,,1.104,,,
2009-07-01,Jowhar,200.0,,3.3,,,2.4,160.0,1.12,,
2009-07-01,Kismaayo,95.0,,483.0,,,,96.0,,,
2009-07-01,Kurtunwaarey,500.0,,11.0,,,,450.0,,,
2009-07-01,Luuq,,,55.0,,,,,,,
2009-07-01,Marka,840.0,,22.5,,,,240.0,150.0,,
2009-07-01,Owdweyne,1.0,,2.0,,,,,180.0,,
2009-07-01,Qansax Dheere,460.0,,883.0,,,,360.0,7.2,,
2009-07-01,Qoryooley,400.0,,13.05,,,,20.0,75.0,,
2009-07-01,Rab Dhuure,,,1.0,,,,,12.0,,
2009-07-01,Saakow,61.0,,3.15,,,,1.888,9.75,,
2009-07-01,Sablaale,100.0,,2.0,,,,20.0,,,
2009-07-01,Sheikh,1.0,,1.0,,,,,12.0,,
2009-07-01,Tayeeglow,,,22.0,,,,,149.0,,
2009-07-01,Waajid,,,10.0,,,,,56.0,,
2009-07-01,Wanla weyn,700.0,,150.0,,,,,8.0,,
2009-07-01,Xarardheere,,,,,,,,,,
2009-07-01,Xudur,,,28.0,,,,,190.0,,
2010-01-01,Adan Yabaal,40.0,,,,,,,50.0,,
2010-01-01,Afgooye,150.0,,900.0,,,,1.0,7.0,,
2010-01-01,Afmadow,,,120.0,,,,32.0,5.0,,
2010-01-01,Baardheere,60.0,,970.0,,,,420.0,3.368,,
2010-01-01,Badhaadhe,,,105.0,,,,135.0,,,
2010-01-01,Balcad,110.0,,2.1,,,,510.0,1.4,,
2010-01-01,Baraawe,180.0,,480.0,,,,800.0,,,
2010-01-01,Baydhaba,1.65,,1.0,,,,900.0,26.64,,
2010-01-01,Belet Weyne,20.0,,165.0,,,,,840.0,,
2010-01-01,Belet Xaawo,,,3.0,,,,,,,
2010-01-01,Borama,,,,,,,,,,
2010-01-01,Bu'aale,54.0,,1.6,,,,2.1,363.0,,
2010-01-01,Bulo Burto,10.0,,120.0,,,,10.0,480.0,,
2010-01-01,Burco,,,,,,,,,,
2010-01-01,Buur Hakaba,600.0,,360.0,,,,150.0,12.32,,
2010-01-01,Cadale,60.0,,,,,,,30.0,,
2010-01-01,Ceel Bur,2.15,,,,,,,183.0,,
2010-01-01,Ceel Dheer,3.42,,,,,,,311.0,,
2010-01-01,Diinsoor,600.0,,500.0,,,,420.0,15.0,,
2010-01-01,Doolow,,,12.0,,,,,,,
2010-01-01,El berde,,,,,,,,,,
2010-01-01,Garbaharey/Burdhuubo,6.0,,49.0,,,,1.0,44.0,,
2010-01-01,Gebiley,,,,,,,,,,
2010-01-01,Hagar,,,113.0,,,,,225.0,,
2010-01-01,Hargeysa,,,,,,,,,,
2010-01-01,Hobyo,166.0,,,,,,,,,
2010-01-01,Jalalaqsi,20.0,,120.0,,,,20.0,214.0,,
2010-01-01,Jamaame,480.0,,2.42,,,,3.19,,,
2010-01-01,Jilib,48.0,,2.682,,,,3.679,,,
2010-01-01,Jowhar,180.0,,4.95,,,3.75,660.0,1.8,,
2010-01-01,Kismaayo,,,144.0,,,,285.0,,,
2010-01-01,Kurtunwaarey,45.0,,1.05,,,,2.7,,,
2010-01-01,Luuq,3.0,,66.0,,,,,105.0,,
2010-01-01,Marka,40.0,,2.5,,,,1.0,160.0,,
2010-01-01,Owdweyne,,,,,,,,,,
2010-01-01,Qansax Dheere,750.0,,650.0,,,,875.0,15.84,,
2010-01-01,Qoryooley,50.0,,2.0,,,,200.0,1.0,,
2010-01-01,Rab Dhuure,20.0,,14.0,,,,,180.0,,
2010-01-01,Saakow,36.0,,1.176,,,,2.7,3.375,,
2010-01-01,Sablaale,30.0,,960.0,,,,800.0,,,
2010-01-01,Sheikh,,,,,,,,,,
2010-01-01,Tayeeglow,95.0,,120.0,,,,,1.0,,
2010-01-01,Waajid,20.0,,23.0,,,,,320.0,,
2010-01-01,Wanla weyn,35.0,,,,,,450.0,6.5,,
2010-01-01,Xarardheere,3.32,,,,,,,220.0,,
2010-01-01,Xudur,56.0,,70.0,,,,,600.0,,
2010-07-01,Adan Yabaal,30.0,,,,,,,60.0,,
2010-07-01,Afgooye,510.0,,13.5,,,,60.0,600.0,,
2010-07-01,Afmadow,75.0,,346.0,,,,144.0,80.0,,
2010-07-01,Baardheere,186.0,,1.35,,,,,3.04,,
2010-07-01,Badhaadhe,30.0,,240.0,,,,80.0,,,
2010-07-01,Balcad,240.0,,4.9,,,,200.0,3.9,,
2010-07-01,Baraawe,90.0,,2.7,,,,120.0,,,
2010-07-01,Baydhaba,,,3.725,,,,920.0,24.36,,
2010-07-01,Belet Weyne,,,33.0,,,,20.0,193.0,,
2010-07-01,Belet Xaawo,9.0,,143.0,,,,,,,
2010-07-01,Borama,32.0,,4.813,,,,,20.486,,
2010-07-01,Bu'aale,310.0,,3.8,,,,2.0,440.0,,
2010-07-01,Bulo Burto,,,54.0,,,,30.0,220.0,,
2010-07-01,Burco,,,190.0,,,,,1.43,,
2010-07-01,Buur Hakaba,,,1.332,,,,120.0,12.25,,
2010-07-01,Cadale,60.0,,,,,,,50.0,,
2010-07-01,Ceel Bur,440.0,,,,,,,,,
2010-07-01,Ceel Dheer,620.0,,,,,,,,,
2010-07-01,Diinsoor,,,2.1,,,,420.0,14.0,,
2010-07-01,Doolow,10.0,,373.0,,,,,,,
2010-07-01,El berde,,,,,,,,,,
2010-07-01,Garbaharey/Burdhuubo,35.0,,555.0,,,,,115.0,,
2010-07-01,Gebiley,100.0,,6.21,,,,,19.521,,
2010-07-01,Hagar,,,500.0,,,,,165.0,,
2010-07-01,Hargeysa,40.0,,3.556,,,,,12.538,,
2010-07-01,Hobyo,56.0,,,,,,,,,
2010-07-01,Jalalaqsi,,,51.0,,,,225.0,120.0,,
2010-07-01,Jamaame,240.0,,3.975,,,,1.68,,,
2010-07-01,Jilib,500.0,,5.88,,,,1.0,,,
2010-07-01,Jowhar,300.0,,7.2,,,4.5,500.0,5.0,,
2010-07-01,Kismaayo,135.0,,1.3,,,,400.0,,,
2010-07-01,Kurtunwaarey,150.0,,12.0,,,,600.0,,,
2010-07-01,Luuq,35.0,,445.0,,,,,252.0,,
2010-07-01,Marka,1.6,,13.2,,,,100.0,,,
2010-07-01,Owdweyne,20.0,,216.0,,,,20.0,2.2,,
2010-07-01,Qansax Dheere,,,2.5,,,,1.035,14.0,,
2010-07-01,Qoryooley,,,12.0,,,,150.0,100.0,,
2010-07-01,Rab Dhuure,32.0,,28.0,,,,,260.0,,
2010-07-01,Saakow,540.0,,2.4,0.0,0.0,0.0,2.45,6.25,,0.0
2010-07-01,Sablaale,,,3.15,,,,80.0,,,
2010-07-01,Sheikh,,,207.0,,,,,570.0,,
2010-07-01,Tayeeglow,210.0,,189.0,,,,,1.65,,
2010-07-01,Waajid,78.0,,93.0,,,,,930.0,,
2010-07-01,Wanla weyn,40.0,,80.0,,,,,9.0,,
2010-07-01,Xarardheere,560.0,,,,,,,,,
2010-07-01,Xudur,126.0,,96.0,,,,,960.0,,
2011-01-01,Adan Yabaal,,,,,,,,,,
2011-01-01,Afgooye,30.0,,600.0,,,,150.0,,,
2011-01-01,Afmadow,12.0,,32.0,,,,,,,
2011-01-01,Baardheere,,,810.0,525.0,,,,,,
2011-01-01,Badhaadhe,,,,,,,,,,
2011-01-01,Balcad,60.0,,2.45,,,,180.0,,,
2011-01-01,Baraawe,,,,,,,,,,
2011-01-01,Baydhaba,,,,,,,,1.4,,
2011-01-01,Belet Weyne,,,128.0,3.5,120.0,,,60.0,225.0,75.0
2011-01-01,Belet Xaawo,,,,120.0,,,,,,
2011-01-01,Borama,,,,,,,,,,
2011-01-01,Bu'aale,,,100.0,,,,,,,
2011-01-01,Bulo Burto,,,105.0,1.5,60.0,,,50.0,100.0,38.0
2011-01-01,Burco,,,,,,,,,,
2011-01-01,Buur Hakaba,,,,,,,,,,
2011-01-01,Cadale,,,,,,,,,,
2011-01-01,Ceel Bur,,,,,,,,,,
2011-01-01,Ceel Dheer,,,,,,,,,,
2011-01-01,Diinsoor,,,,,,,,675.0,,
2011-01-01,Doolow,,,121.0,300.0,,,,,,
2011-01-01,El berde,,,,,,,,,,
2011-01-01,Garbaharey/Burdhuubo,,,93.0,270.0,,,,,,
2011-01-01,Gebiley,,,,,,,,,,
2011-01-01,Hagar,,,,,,,,,,
2011-01-01,Hargeysa,,,,,,,,,,
2011-01-01,Hobyo,,,,,,,,,,
2011-01-01,Jalalaqsi,,,90.0,500.0,30.0,,75.0,40.0,75.0,13.0
2011-01-01,Jamaame,27.0,,115.0,,,,,,,
2011-01-01,Jilib,,,120.0,,,,,,,
2011-01-01,Jowhar,120.0,,2.8,,,3.0,450.0,,,
2011-01-01,Kismaayo,5.0,,20.0,,,,,,,
2011-01-01,Kurtunwaarey,80.0,,2.2,,,,2.0,,,
2011-01-01,Luuq,,,177.0,330.0,,,,,,
2011-01-01,Marka,300.0,,2.4,,,,40.0,,,
2011-01-01,Owdweyne,,,,,,,,,,
2011-01-01,Qansax Dheere,,,,,,,,600.0,,
2011-01-01,Qoryooley,35.0,,1.5,,,,60.0,,,
2011-01-01,Rab Dhuure,,,,,,,,24.0,,
2011-01-01,Saakow,,,68.0,,,,,,,
2011-01-01,Sablaale,150.0,,960.0,,,,1.0,,,
2011-01-01,Sheikh,,,,,,,,,,
2011-01-01,Tayeeglow,,,,,,,,,,
2011-01-01,Waajid,,,,,,,,48.0,,
2011-01-01,Wanla weyn,,,,,,,,,,
2011-01-01,Xarardheere,,,,,,,,,,
2011-01-01,Xudur,,,59.0,,,,,53.0,,
2011-07-01,Adan Yabaal,10.0,,,,,,,,,
2011-07-01,Afgooye,,,4.015,,,,91.0,300.0,,
2011-07-01,Afmadow,2.0,,20.0,,,,4.0,1.0,,
2011-07-01,Baardheere,40.0,,401.0,600.0,,,,,25.0,10.0
2011-07-01,Badhaadhe,,,,,,,,,,
2011-07-01,Balcad,50.0,,1.2,,,,40.0,560.0,,
2011-07-01,Baraawe,,,1.45,,,,107.0,,,
2011-07-01,Baydhaba,,,255.0,,,,,3.6,,
2011-07-01,Belet Weyne,,,125.0,3.0,45.0,,1.0,150.0,150.0,100.0
2011-07-01,Belet Xaawo,2.0,,6.0,240.0,,,,,15.0,
2011-07-01,Borama,,,1.01,,,,,12.739,,1.98
2011-07-01,Bu'aale,65.0,,430.0,,,,50.0,12.0,,
2011-07-01,Bulo Burto,,,100.0,1.0,24.0,,0.0,90.0,75.0,75.0
2011-07-01,Burco,8.0,,3.0,,,,,192.0,600.0,144.0
2011-07-01,Buur Hakaba,,,,,,,,1.692,,
2011-07-01,Cadale,15.0,,,,,,,,,
2011-07-01,Ceel Bur,,,,,,,,,,
2011-07-01,Ceel Dheer,,,,,,,,,,
2011-07-01,Diinsoor,,,45.0,,,,,1.0,,
2011-07-01,Doolow,4.0,,91.0,300.0,,,,,,
2011-07-01,El berde,,,,,,,,,,
2011-07-01,Garbaharey/Burdhuubo,6.0,,118.0,240.0,,,,,10.0,5.0
2011-07-01,Gebiley,20.0,,3.989,,,,,40.544,4.2,7.2
2011-07-01,Hagar,,,8.0,,,,,3.0,,
2011-07-01,Hargeysa,20.0,,1.085,,,,,7.716,900.0,720.0
2011-07-01,Hobyo,,,,,,,,,,
2011-07-01,Jalalaqsi,,,90.0,400.0,9.0,,2.0,50.0,40.0,13.0
2011-07-01,Jamaame,15.0,,345.0,,,,,,,
2011-07-01,Jilib,135.0,,625.0,,,,40.0,,,
2011-07-01,Jowhar,60.0,,1.26,,,1.02,60.0,350.0,,
2011-07-01,Kismaayo,,,45.0,,,,,,,
2011-07-01,Kurtunwaarey,,,5.348,,,,252.0,,,
2011-07-01,Luuq,15.0,,77.0,280.0,,,,,,
2011-07-01,Marka,,,7.563,,,,84.0,,,
2011-07-01,Owdweyne,,,8.0,,,,,420.0,300.0,144.0
2011-07-01,Qansax Dheere,,,60.0,,,,,800.0,,
2011-07-01,Qoryooley,,,8.4,,,,105.0,,,
2011-07-01,Rab Dhuure,4.0,,,,,,,21.0,,
2011-07-01,Saakow,78.0,,750.0,,,,75.0,,,
2011-07-01,Sablaale,,,1.65,,,,121.0,,,
2011-07-01,Sheikh,,,10.0,,,,,113.0,300.0,252.0
2011-07-01,Tayeeglow,21.0,,30.0,,,,,148.0,,
2011-07-01,Waajid,6.0,,,,,,,35.0,,
2011-07-01,Wanla weyn,,,540.0,,,,,4.5,,
2011-07-01,Xarardheere,127.0,,,,,,,,,
2011-07-01,Xudur,17.0,,23.0,,,,,106.0,,
2012-01-01,Adan Yabaal,75.0,,,,,,,,,
2012-01-01,Afgooye,,,9.3,5.5,,,321.0,8.4,,
2012-01-01,Afmadow,9.0,,154.0,,,,78.0,6.0,,
2012-01-01,Baardheere,4.0,,590.0,180.0,,,15.0,4.456,,
2012-01-01,Badhaadhe,15.0,,120.0,,,,,6.0,,
2012-01-01,Balcad,450.0,,5.5,,,,750.0,3.9,,
2012-01-01,Baraawe,152.0,,2.52,,,,60.0,,,
2012-01-01,Baydhaba,1.365,1.0,4.793,,,,920.0,20.3,,
2012-01-01,Belet Weyne,,,1.02,3.0,40.0,,5.0,1.45,120.0,1.0
2012-01-01,Belet Xaawo,1.0,,140.0,,,,,212.0,,
2012-01-01,Borama,,,,,,,,,,
2012-01-01,Bu'aale,45.0,,285.0,,,,310.0,1.2,,
2012-01-01,Bulo Burto,,,720.0,1.5,20.0,,5.0,1.06,60.0,500.0
2012-01-01,Burco,,,,,,,,,,
2012-01-01,Buur Hakaba,540.0,,988.0,,,,60.0,11.4,,
2012-01-01,Cadale,105.0,,,,,,,,,
2012-01-01,Ceel Bur,1.61,,,,,,,166.0,,
2012-01-01,Ceel Dheer,2.15,,,,,,,290.0,,
2012-01-01,Diinsoor,600.0,240.0,868.0,,,,285.0,10.5,,
2012-01-01,Doolow,5.0,,198.0,60.0,,,,184.0,,
2012-01-01,El berde,,,,,,,,0.0,,
2012-01-01,Garbaharey/Burdhuubo,6.0,,539.0,96.0,,,,311.0,,
2012-01-01,Gebiley,,,,,,,,,,
2012-01-01,Hagar,10.0,,112.0,,,,90.0,6.0,,
2012-01-01,Hargeysa,,,,,,,,,,
2012-01-01,Hobyo,310.0,,,,,,,105.0,,
2012-01-01,Jalalaqsi,,,540.0,750.0,10.0,,51.0,820.0,30.0,200.0
2012-01-01,Jamaame,318.0,,6.86,,,,1.445,,,
2012-01-01,Jilib,180.0,,3.85,,,,1.42,,,
2012-01-01,Jowhar,600.0,,9.6,,,3.75,800.0,4.5,,
2012-01-01,Kismaayo,55.0,,505.0,,,,135.0,,,
2012-01-01,Kurtunwaarey,262.0,,8.01,1.65,,,1.47,,,
2012-01-01,Luuq,9.0,,302.0,120.0,,,8.0,578.0,,
2012-01-01,Marka,348.0,,9.25,4.4,,,316.0,960.0,,
2012-01-01,Owdweyne,,,,,,,,,,
2012-01-01,Qansax Dheere,615.0,300.0,1.618,,,,530.0,11.6,,
2012-01-01,Qoryooley,359.0,,6.8,2.31,,,710.0,2.4,,
2012-01-01,Rab Dhuure,69.0,,25.0,,,,,1.08,,
2012-01-01,Saakow,30.0,,205.0,,,,440.0,4.8,,
2012-01-01,Sablaale,168.0,,4.8,1.32,,,645.0,,,
2012-01-01,Sheikh,,,,,,,,,,
2012-01-01,Tayeeglow,278.0,,200.0,,,,,4.2,,
2012-01-01,Waajid,100.0,,150.0,,,,,1.44,,
2012-01-01,Wanla weyn,168.0,,2.4,,,,156.0,13.2,,
2012-01-01,Xarardheere,2.32,,,,,,,455.0,,
2012-01-01,Xudur,225.0,,325.0,,,,,3.42,,
2012-07-01,Adan Yabaal,,,,,,,,,,
2012-07-01,Afgooye,,,5.1,,,,,,,
2012-07-01,Afmadow,6.0,,37.0,,,,30.0,2.0,,
2012-07-01,Baardheere,4.0,,673.0,180.0,,,15.0,,,
2012-07-01,Badhaadhe,,,,,,,,,,
2012-07-01,Balcad,,,4.14,,,,,,,
2012-07-01,Baraawe,,,600.0,,,,,,,
2012-07-01,Baydhaba,,,450.0,,,,,,,
2012-07-01,Belet Weyne,,,300.0,,,,,550.0,,
2012-07-01,Belet Xaawo,3.0,,,,,,,,,
2012-07-01,Borama,,,1.471,,,,,15.163,,
2012-07-01,Bu'aale,60.0,,470.0,,,,90.0,160.0,,
2012-07-01,Bulo Burto,,,200.0,,,,,340.0,,
2012-07-01,Burco,,,88.0,,,,,2.168,,
2012-07-01,Buur Hakaba,,,10.0,,,,,,,
2012-07-01,Cadale,,,,,,,,,,
2012-07-01,Ceel Bur,,,,,,,,,,
2012-07-01,Ceel Dheer,,,,,,,,,,
2012-07-01,Diinsoor,,,180.0,,,,,,,
2012-07-01,Doolow,9.0,,127.0,96.0,,,,,,
2012-07-01,El berde,,,,,,,,,,
2012-07-01,Garbaharey/Burdhuubo,6.0,,298.0,120.0,,,,,,
2012-07-01,Gebiley,,,4.937,,,,,37.254,,
2012-07-01,Hagar,20.0,,240.0,,,,,,,
2012-07-01,Hargeysa,,,1.515,,,,,8.227,,
2012-07-01,Hobyo,,,,,,,,,,
2012-07-01,Jalalaqsi,,,150.0,,,,,270.0,,
2012-07-01,Jamaame,80.0,,1.725,,,,75.0,,,
2012-07-01,Jilib,80.0,,640.0,,,,60.0,,,
2012-07-01,Jowhar,,,8.0,,,,,,,
2012-07-01,Kismaayo,8.0,,50.0,,,,30.0,,,
2012-07-01,Kurtunwaarey,,,3.16,,,,,,,
2012-07-01,Luuq,15.0,,152.0,240.0,,,8.0,,,
2012-07-01,Marka,,,4.725,,,,,,,
2012-07-01,Owdweyne,,,53.0,,,,,1.35,,
2012-07-01,Qansax Dheere,,,210.0,,,,,,,
2012-07-01,Qoryooley,,,5.6,,,,,,,
2012-07-01,Rab Dhuure,,,,,,,,,,
2012-07-01,Saakow,174.0,,1.41,,,,120.0,80.0,,
2012-07-01,Sablaale,,,2.2,,,,,,,
2012-07-01,Sheikh,,,115.0,,,,,490.0,,
2012-07-01,Tayeeglow,,,30.0,,,,,,,
2012-07-01,Waajid,,,,,,,,,,
2012-07-01,Wanla weyn,,,800.0,,,,,,,
2012-07-01,Xarardheere,,,,,,,,,,
2012-07-01,Xudur,,,9.0,,,,,,,
2013-01-01,Adan Yabaal,50.0,,,,,,,140.0,,
2013-01-01,Afgooye,1200.0,,2.4,,,,466.035,8.4,,
2013-01-01,Afmadow,7.0,,110.0,,,,23.0,6.0,,
2013-01-01,Baardheere,8.0,,1016.0,150.0,,,15.0,3.375,90.0,
2013-01-01,Badhaadhe,15.0,,70.0,,,,15.0,6.0,,
2013-01-01,Balcad,160.0,,3.74,,,,760.0,2.8,,
2013-01-01,Baraawe,20.0,,200.0,,,,50.0,,,
2013-01-01,Baydhaba,1.5,1.25,2.7,,,,600.0,21.0,,
2013-01-01,Belet Weyne,,,800.0,3.75,30.0,,15.0,601.8,300.0,1.2
2013-01-01,Belet Xaawo,0.0,,14.0,40.0,,,,,120.0,
2013-01-01,Borama,,,,,,,,,,
2013-01-01,Bu'aale,160.0,,600.0,,,,641.28,600.0,,
2013-01-01,Bulo Burto,,,490.0,1.95,14.0,,6.0,421.4,165.0,400.0
2013-01-01,Burco,,,,,,,,,,
2013-01-01,Buur Hakaba,1.02,,540.0,,,,75.0,11.52,,
2013-01-01,Cadale,135.0,,,,,,,90.0,,
2013-01-01,Ceel Bur,1.375,,,,,,,18.0,,
2013-01-01,Ceel Dheer,2.025,,,,,,,18.0,,
2013-01-01,Diinsoor,625.0,240.0,850.0,,,,360.0,8.88,,
2013-01-01,Doolow,2.0,,221.0,90.0,,,,,54.0,
2013-01-01,El berde,,,,,,,,,,
2013-01-01,Garbaharey/Burdhuubo,6.0,,851.0,88.0,,,,120.0,48.0,
2013-01-01,Gebiley,,,,,,,,,,
2013-01-01,Hagar,,,250.0,,,,,45.0,,
2013-01-01,Hargeysa,,,,,,,,,,
2013-01-01,Hobyo,210.0,,,,,,,1.0,,
2013-01-01,Jalalaqsi,,,350.0,1.2,8.0,,30.0,301.0,75.0,200.0
2013-01-01,Jamaame,140.0,,1.52,,,,800.0,,,
2013-01-01,Jilib,440.0,,182.1,,,,482.0,,,
2013-01-01,Jowhar,264.0,,6.12,,,1.6,855.0,3.6,,
2013-01-01,Kismaayo,34.0,,320.0,,,,90.0,,,
2013-01-01,Kurtunwaarey,175.0,,3.5,,,,4.2,,,
2013-01-01,Luuq,7.0,,472.0,104.0,,,3.0,240.0,60.0,
2013-01-01,Marka,,,7.0,,,,321.08,,,
2013-01-01,Owdweyne,,,,,,,,,,
2013-01-01,Qansax Dheere,570.0,375.0,1.62,,,,600.0,10.08,,
2013-01-01,Qoryooley,,,5.4,,,,1020.0,1.0,,
2013-01-01,Rab Dhuure,75.0,,21.0,,,,,720.0,,
2013-01-01,Saakow,640.0,,1.35,,,,3.6,2.8,,
2013-01-01,Sablaale,105.0,,1.8,,,,1.38,,,
2013-01-01,Sheikh,,,,,,,,,,
2013-01-01,Tayeeglow,385.0,,400.0,,,,,4.2,,
2013-01-01,Waajid,102.0,,30.0,,,,,960.0,,
2013-01-01,Wanla weyn,900.0,,,,,,900.0,7.8,,
2013-01-01,Xarardheere,2.16,,,,,,,44.0,,
2013-01-01,Xudur,263.0,,240.0,,,,,1.85,,
2013-07-01,Adan Yabaal,25.0,,,,,,,8.0,,
2013-07-01,Afgooye,,,6.959999999999999,,,,,,,
2013-07-01,Afmadow,14.0,,315.0,,,,9.0,,,
2013-07-01,Baardheere,16.0,,888.0,700.0,,,20.0,3.42,750.0,
2013-07-01,Badhaadhe,3.0,,160.0,,,,4.0,,,
2013-07-01,Balcad,120.0,,4.6,,,,480.0,3.18,,
2013-07-01,Baraawe,,,900.0,,,,,,,
2013-07-01,Baydhaba,1.4,400.0,5.82,,,,440.0,5.2,,
2013-07-01,Belet Weyne,,,100.0,3.6,24.0,,6.0,245.0,270.0,1.5
2013-07-01,Belet Xaawo,2.0,,11.0,60.0,,,,,2.0,
2013-07-01,Borama,,,2.8,,,,,11.76,,
2013-07-01,Bu'aale,300.0,,2.16,,,,230.0,750.0,,
2013-07-01,Bulo Burto,,,75.0,1.65,16.0,,4.0,420.0,150.0,500.0
2013-07-01,Burco,,,,,,,,400.0,,
2013-07-01,Buur Hakaba,750.0,,455.0,,,,20.0,4.5,,
2013-07-01,Cadale,45.0,,,,,,,,,
2013-07-01,Ceel Bur,675.0,,,,,,,,,
2013-07-01,Ceel Dheer,562.0,,,,,,,,,
2013-07-01,Diinsoor,570.0,105.0,1.96,,,,274.0,6.0,,
2013-07-01,Doolow,3.0,,147.0,210.0,,,,,720.0,
2013-07-01,El berde,,,,,,,,,,
2013-07-01,Garbaharey/Burdhuubo,6.0,,677.0,490.0,,,,150.0,300.0,
2013-07-01,Gebiley,,,3.92,,,,,19.5,,
2013-07-01,Hagar,80.0,,480.0,,,,24.0,120.0,,
2013-07-01,Hargeysa,,,1.75,,,,,3.5,,
2013-07-01,Hobyo,29.0,,,,,,,,,
2013-07-01,Jalalaqsi,,,50.0,1.05,8.0,,30.0,315.0,75.0,300.0
2013-07-01,Jamaame,300.0,,5.8,,,,151.3,,,
2013-07-01,Jilib,410.0,,543.64,,,,200.0,,,
2013-07-01,Jowhar,100.0,,6.12,,,200.0,660.0,4.38,,
2013-07-01,Kismaayo,,,680.0,,,,90.0,,,
2013-07-01,Kurtunwaarey,,,330.993,,,,,,,
2013-07-01,Luuq,7.0,,368.0,80.0,,,,126.0,300.0,
2013-07-01,Marka,,,314.25,,,,,,,
2013-07-01,Owdweyne,,,,,,,,360.0,,
2013-07-01,Qansax Dheere,510.0,200.0,2.4,,,,338.0,6.85,,
2013-07-01,Qoryooley,,,11.549999999999999,,,,,200.0,,
2013-07-01,Rab Dhuure,18.0,,6.0,,,,,150.0,,
2013-07-01,Saakow,278.0,,790.0,,,,180.0,2.0,,
2013-07-01,Sablaale,,,2.5,,,,,,,
2013-07-01,Sheikh,,,35.0,,,,,240.0,,
2013-07-01,Tayeeglow,140.0,,80.0,,,,,800.0,,
2013-07-01,Waajid,30.0,,12.0,,,,,300.0,,
2013-07-01,Wanla weyn,,,2.95,,,,,3.4,,
2013-07-01,Xarardheere,725.0,,,,,,,,,
2013-07-01,Xudur,120.0,,80.0,,,,,600.0,,
2014-01-01,Adan Yabaal,31.0,,,,,,,80.0,,
2014-01-01,Afgooye,,,2.35,,,,481.62,6.0,,
2014-01-01,Afmadow,4.0,,95.0,,,,40.0,,,
2014-01-01,Baardheere,19.0,,1.057,1.02,,,54.0,3.075,240.0,
2014-01-01,Badhaadhe,3.0,,40.0,,,,20.0,,,
2014-01-01,Balcad,80.0,,4.0,,,,690.0,2.25,,
2014-01-01,Baraawe,,,200.0,,,,60.0,,,
2014-01-01,Baydhaba,1.05,,900.0,,,,4.5,11.5,,
2014-01-01,Belet Weyne,,,450.0,4.5,30.0,,4.0,504.0,450.0,1.5
2014-01-01,Belet Xaawo,1.0,,27.0,60.0,,,,6.0,270.0,
2014-01-01,Borama,,,,,,,,,,
2014-01-01,Bu'aale,24.0,,448.0,,,,415.0,240.0,,
2014-01-01,Bulo Burto,,,350.0,2.25,14.0,,6.0,1070.0,210.0,500.0
2014-01-01,Burco,,,,,,,,,,
2014-01-01,Buur Hakaba,550.0,,250.0,,,,75.0,5.4,,
2014-01-01,Cadale,51.0,,,,,,,70.0,,
2014-01-01,Ceel Bur,935.0,,,,,,,13.0,,
2014-01-01,Ceel Dheer,1.79,,,,,,,21.0,,
2014-01-01,Diinsoor,540.0,,600.0,,,,3.5,6.8,,
2014-01-01,Doolow,2.0,,268.0,520.0,,,,27.0,120.0,
2014-01-01,El berde,,,,,,,,,,
2014-01-01,Garbaharey/Burdhuubo,7.0,,880.0,980.0,,,,140.0,150.0,
2014-01-01,Gebiley,,,,,,,,,,
2014-01-01,Hagar,,,120.0,,,,26.0,60.0,,
2014-01-01,Hargeysa,,,,,,,,,,
2014-01-01,Hobyo,115.0,,,,,,,,,
2014-01-01,Jalalaqsi,,,300.0,1.5,8.0,,25.0,880.0,90.0,300.0
2014-01-01,Jamaame,66.0,,1150.0,,,,935.0,,,
2014-01-01,Jilib,40.0,,610.0,,,,697.0,,,
2014-01-01,Jowhar,20.0,,2.02,,,,1.45,3.48,,
2014-01-01,Kismaayo,,,150.0,,,,80.0,,,
2014-01-01,Kurtunwaarey,,,128.82,,,,411.075,,,
2014-01-01,Luuq,14.0,,747.0,840.0,,,3.0,366.0,180.0,
2014-01-01,Marka,,,4.5,,,,361.12,80.0,,
2014-01-01,Owdweyne,,,,,,,,,,
2014-01-01,Qansax Dheere,570.0,,390.0,,,,3.25,6.25,,
2014-01-01,Qoryooley,,,3.85,,,,450.0,140.0,,
2014-01-01,Rab Dhuure,16.0,,8.0,,,,,150.0,,
2014-01-01,Saakow,80.0,,344.0,,,,439.0,520.0,,
2014-01-01,Sablaale,,,900.0,,,,870.0,,,
2014-01-01,Sheikh,,,,,,,,,,
2014-01-01,Tayeeglow,300.0,,135.0,,,,,1.2,,
2014-01-01,Waajid,34.0,,12.0,,,,,300.0,,
2014-01-01,Wanla weyn,,,240.0,,,,2.8,4.5,,
2014-01-01,Xarardheere,2.01,,,,,,,37.0,,
2014-01-01,Xudur,120.0,,100.0,,,,,810.0,,
2014-07-01,Adan Yabaal,10.0,,,,,,,15.0,,
2014-07-01,Afgooye,338.0,,7.2,,,,90.0,300.0,,
2014-07-01,Afmadow,5.0,,100.0,,,,10.0,,,
2014-07-01,Baardheere,29.0,,1.085,1.02,,,108.0,2.32,240.0,
2014-07-01,Badhaadhe,4.0,,100.0,,,,5.0,,,
2014-07-01,Balcad,60.0,,3.2,,,,60.0,450.0,,
2014-07-01,Baraawe,80.0,,1.25,,,,180.0,,,
2014-07-01,Baydhaba,875.0,750.0,2.1,,,,780.0,5.95,,
2014-07-01,Belet Weyne,,,193.0,4.05,40.0,,20.0,220.0,390.0,2.3
2014-07-01,Belet Xaawo,1.0,,20.0,60.0,,,,,270.0,
2014-07-01,Borama,,,3.617,,,,,6.75,,
2014-07-01,Bu'aale,55.0,,1.2,,,,110.0,200.0,,
2014-07-01,Bulo Burto,,,90.0,2.1,10.0,,10.0,90.0,165.0,300.0
2014-07-01,Burco,,,,,,,,,,
2014-07-01,Buur Hakaba,400.0,,150.0,,,,38.0,3.45,,
2014-07-01,Cadale,80.0,,,,,,,7.0,,
2014-07-01,Ceel Bur,,,,,,,,,,
2014-07-01,Ceel Dheer,,,,,,,,,,
2014-07-01,Diinsoor,540.0,160.0,960.0,,,,525.0,4.0,,
2014-07-01,Doolow,10.0,,448.0,900.0,,,,,120.0,
2014-07-01,El berde,,,,,,,,,,
2014-07-01,Garbaharey/Burdhuubo,7.0,,425.0,660.0,,,,,120.0,
2014-07-01,Gebiley,,,4.6,,,,,22.3,,
2014-07-01,Hagar,10.0,,120.0,,,,8.0,50.0,,
2014-07-01,Hargeysa,,,3.294,,,,,5.8,,
2014-07-01,Hobyo,,,,,,,,,,
2014-07-01,Jalalaqsi,,,150.0,1.275,12.0,,75.0,200.0,105.0,400.0
2014-07-01,Jamaame,84.0,,2.6,,,,2.471,,,
2014-07-01,Jilib,80.0,,1.8,,,,150.0,,,
2014-07-01,Jowhar,80.0,,4.25,,,,150.0,2.08,,
2014-07-01,Kismaayo,30.0,,130.0,,,,30.0,,,
2014-07-01,Kurtunwaarey,1.5,,415.12,,,,800.0,,,
2014-07-01,Luuq,9.0,,770.0,780.0,,,,69.0,168.0,
2014-07-01,Marka,150.0,,108.1,,,,40.0,,,
2014-07-01,Owdweyne,,,12.0,,,,,120.0,,
2014-07-01,Qansax Dheere,630.0,280.0,1.0,,,,770.0,3.85,,
2014-07-01,Qoryooley,130.0,,201.4,,,,,20.0,,
2014-07-01,Rab Dhuure,38.0,,,,,,,60.0,,
2014-07-01,Saakow,70.0,,1.5,,,,140.0,600.0,,
2014-07-01,Sablaale,240.0,,3.0,,,,240.0,,,
2014-07-01,Sheikh,,,,,,,,,,
2014-07-01,Tayeeglow,140.0,,44.0,,,,,500.0,,
2014-07-01,Waajid,54.0,,,,,,,200.0,,
2014-07-01,Wanla weyn,1.5,,700.0,,,,800.0,4.2,,
2014-07-01,Xarardheere,,,,,,,,,,
2014-07-01,Xudur,106.0,,23.0,,,,,200.0,,
2015-01-01,Adan Yabaal,25.0,,,,,,,30.0,,
2015-01-01,Afgooye,585.0,,5.0,,,,661.3,3.9,,
2015-01-01,Afmadow,30.0,,165.0,,,,100.0,,,
2015-01-01,Baardheere,30.0,,978.0,1.2,,,84.0,3.25,280.0,
2015-01-01,Badhaadhe,,,15.0,,,,,,,
2015-01-01,Balcad,80.0,,3.2,,,,840.0,2.0,,
2015-01-01,Baraawe,120.0,,150.0,,,,385.0,,,
2015-01-01,Baydhaba,1.32,360.0,1.32,,,,2.8,15.36,,
2015-01-01,Belet Weyne,,,480.0,3.0,30.0,,50.0,1100.0,300.0,2.2
2015-01-01,Belet Xaawo,2.0,,43.0,60.0,,,,68.0,315.0,
2015-01-01,Borama,,,,,,,,,,
2015-01-01,Bu'aale,225.0,,500.0,,,,401.2,200.0,,
2015-01-01,Bulo Burto,,,455.0,1.8,8.0,,16.0,940.0,150.0,350.0
2015-01-01,Burco,,,,,,,,,,
2015-01-01,Buur Hakaba,768.0,,280.0,,,,45.0,9.7,,
2015-01-01,Cadale,50.0,,,,,,,20.0,,
2015-01-01,Ceel Bur,1.02,,,,,,,,,
2015-01-01,Ceel Dheer,2.04,,,,,,,,,
2015-01-01,Diinsoor,630.0,120.0,520.0,,,,2.4,7.65,,
2015-01-01,Doolow,5.0,,360.0,960.0,,,,70.0,140.0,
2015-01-01,El berde,,,,,,,,,,
2015-01-01,Garbaharey/Burdhuubo,24.0,,725.0,1.12,,,,195.0,210.0,
2015-01-01,Gebiley,,,,,,,,,,
2015-01-01,Hagar,,,120.0,,,,,80.0,,
2015-01-01,Hargeysa,,,,,,,,,,
2015-01-01,Hobyo,110.0,,,,,,,,,
2015-01-01,Jalalaqsi,,,420.0,1.05,6.0,,100.0,865.0,90.0,250.0
2015-01-01,Jamaame,180.0,,880.0,,,,1.2,,,
2015-01-01,Jilib,280.0,,2.1,,,,102.7,,,
2015-01-01,Jowhar,120.0,,4.4,,,600.0,1.29,2.72,,
2015-01-01,Kismaayo,40.0,,125.0,,,,120.0,,,
2015-01-01,Kurtunwaarey,1.5,,4.4,,,,3.8,,,
2015-01-01,Luuq,21.0,,548.0,840.0,,,,450.0,175.0,
2015-01-01,Marka,140.0,,5.76,,,,690.0,50.0,,
2015-01-01,Owdweyne,,,,,,,,,,
2015-01-01,Qansax Dheere,660.0,160.0,720.0,,,,2.2,9.18,,
2015-01-01,Qoryooley,225.0,,3.85,,,,885.0,750.0,,
2015-01-01,Rab Dhuure,30.0,,24.0,,,,,330.0,,
2015-01-01,Saakow,200.0,,400.0,,,,2.4,1.6,,
2015-01-01,Sablaale,170.0,,800.0,,,,920.0,,,
2015-01-01,Sheikh,,,,,,,,,,
2015-01-01,Tayeeglow,225.0,,175.0,,,,,1.75,,
2015-01-01,Waajid,60.0,,45.0,,,,,450.0,,
2015-01-01,Wanla weyn,1.2,,,,,,1.29,3.96,,
2015-01-01,Xarardheere,1.53,,,,,,,,,
2015-01-01,Xudur,150.0,,150.0,,,,,1.52,,
2015-07-01,Adan Yabaal,50.0,,,,,,,13.0,,
2015-07-01,Afgooye,1216.0,,7.28,,,,720.0,1.4,,
2015-07-01,Afmadow,,,25.0,,,,25.0,,,
2015-07-01,Baardheere,105.0,,1.032,935.0,,,20.0,1.82,350.0,
2015-07-01,Badhaadhe,,,15.0,,,,40.0,,,
2015-07-01,Balcad,120.0,,3.15,,,,200.0,1.68,,
2015-07-01,Baraawe,12.0,,920.0,,,,,,,
2015-07-01,Baydhaba,1.238,450.0,3.6,,,,700.0,6.6,,
2015-07-01,Belet Weyne,,,150.0,3.3,40.0,,30.0,555.0,450.0,3.4
2015-07-01,Belet Xaawo,,,52.0,540.0,,,10.0,14.0,275.0,
2015-07-01,Borama,,,240.0,,,,,1.87,,
2015-07-01,Bu'aale,80.0,,151.0,,,,500.0,300.0,,
2015-07-01,Bulo Burto,,,113.0,1.8,10.0,,20.0,355.0,150.0,500.0
2015-07-01,Burco,,,,,,,,50.0,,
2015-07-01,Buur Hakaba,542.0,,68.0,,,,88.0,5.95,,
2015-07-01,Cadale,40.0,,,,,,,9.0,,
2015-07-01,Ceel Bur,332.0,,,,,,,,,
2015-07-01,Ceel Dheer,159.0,,,,,,,,,
2015-07-01,Diinsoor,713.0,300.0,2.6,,,,325.0,3.8,,
2015-07-01,Doolow,,,562.0,660.0,,,12.0,16.0,275.0,
2015-07-01,El berde,,,,,,,,,,
2015-07-01,Garbaharey/Burdhuubo,,,383.0,55.0,,,3.0,75.0,350.0,
2015-07-01,Gebiley,,,400.0,,,,,4.8,,
2015-07-01,Hagar,,,80.0,,,,,75.0,,
2015-07-01,Hargeysa,,,,,,,,,,
2015-07-01,Hobyo,21.0,,,,,,,,,
2015-07-01,Jalalaqsi,,,100.0,1.2,8.0,,100.0,353.0,120.0,300.0
2015-07-01,Jamaame,180.0,,1.94,,,,970.0,,,
2015-07-01,Jilib,40.0,,1.35,,,,120.0,,,
2015-07-01,Jowhar,160.0,,4.255,,,1.05,440.0,1.625,,
2015-07-01,Kismaayo,,,40.0,,,,,,,
2015-07-01,Kurtunwaarey,216.0,,307.515,,,,1.8,,,
2015-07-01,Luuq,,,812.0,900.0,,,14.0,45.0,220.0,
2015-07-01,Marka,175.0,,307.21,,,,144.0,,,
2015-07-01,Owdweyne,,,8.0,,,,,300.0,,
2015-07-01,Qansax Dheere,708.0,360.0,2.325,,,,330.0,3.776,,
2015-07-01,Qoryooley,175.0,,7.1,,,,105.0,160.0,,
2015-07-01,Rab Dhuure,23.0,,48.0,,,,,159.0,,
2015-07-01,Saakow,40.0,,1.7,,,,81.2,1.5,,
2015-07-01,Sablaale,140.0,,4.84,,,,234.0,,,
2015-07-01,Sheikh,,,,,,,,25.0,,
2015-07-01,Tayeeglow,75.0,,50.0,,,,,696.0,,
2015-07-01,Waajid,40.0,,38.0,,,,,312.0,,
2015-07-01,Wanla weyn,175.0,,3.7,,,,885.0,2.65,,
2015-07-01,Xarardheere,345.0,,,,,,,,,
2015-07-01,Xudur,55.0,,56.0,,,,,480.0,,
2016-01-01,Adan Yabaal,50.0,,,,,,,56.0,,
2016-01-01,Afgooye,778.0,,3.12,,,,406.1,5.94,,
2016-01-01,Afmadow,20.0,,140.0,,,,42.0,12.0,,
2016-01-01,Baardheere,29.0,,864.0,455.0,,,111.0,4.02,450.0,
2016-01-01,Badhaadhe,12.0,,120.0,,,,45.0,,,
2016-01-01,Balcad,240.0,,4.68,,,,625.0,2.35,,
2016-01-01,Baraawe,83.0,,240.0,,,,,,,
2016-01-01,Baydhaba,1.47,680.0,1.36,,,,1.26,16.2,,
2016-01-01,Belet Weyne,,,300.0,2.52,20.0,,36.0,1520.0,245.0,1.575
2016-01-01,Belet Xaawo,18.0,,44.0,390.0,,,,70.0,300.0,
2016-01-01,Borama,,,,,,,,,,
2016-01-01,Bu'aale,280.0,,660.0,,,,1220.0,400.0,,
2016-01-01,Bulo Burto,,,590.0,1.5,6.0,,40.0,901.2,90.0,238.0
2016-01-01,Burco,,,,,,,,,,
2016-01-01,Buur Hakaba,810.0,,240.0,,,,88.0,9.72,,
2016-01-01,Cadale,30.0,,,,,,,57.0,,
2016-01-01,Ceel Bur,1.35,,,,,,,125.0,,
2016-01-01,Ceel Dheer,1.5,,,,,,,175.0,,
2016-01-01,Diinsoor,789.0,136.0,748.0,,,,975.0,10.26,,
2016-01-01,Doolow,30.0,,428.0,1.04,,,3.0,70.0,1.0,
2016-01-01,El berde,,,,,,,,,,
2016-01-01,Garbaharey/Burdhuubo,1.0,,682.0,,,,,200.0,300.0,
2016-01-01,Gebiley,,,,,,,,,,
2016-01-01,Hagar,20.0,,80.0,,,,42.0,90.0,,
2016-01-01,Hargeysa,,,,,,,,,,
2016-01-01,Hobyo,50.0,,,,,,,15.0,,
2016-01-01,Jalalaqsi,,,200.0,775.0,4.0,,125.0,1180.0,60.0,200.0
2016-01-01,Jamaame,200.0,,121.06,,,,830.0,,,
2016-01-01,Jilib,380.0,,81.1,,,,161.02,,,
2016-01-01,Jowhar,300.0,,6.56,,,1.4,1.188,3.9,,
2016-01-01,Kismaayo,70.0,,200.0,,,,100.0,,,
2016-01-01,Kurtunwaarey,250.0,,123.96,,,,2.325,,,
2016-01-01,Luuq,12.0,,662.0,120.0,,,,485.0,225.0,
2016-01-01,Marka,360.0,,4.0,,,,1.335,,,
2016-01-01,Owdweyne,,,,,,,,,,
2016-01-01,Qansax Dheere,781.0,204.0,850.0,,,,1.275,11.655,,
2016-01-01,Qoryooley,324.0,,4.76,,,,622.0,2.94,,
2016-01-01,Rab Dhuure,30.0,,18.0,,,,,400.0,,
2016-01-01,Saakow,20.0,,620.0,,,,602.09,2.5,,
2016-01-01,Sablaale,220.0,,1.8,,,,996.0,,,
2016-01-01,Sheikh,,,,,,,,,,
2016-01-01,Tayeeglow,234.0,,240.0,,,,,1.98,,
2016-01-01,Waajid,60.0,,60.0,,,,,680.0,,
2016-01-01,Wanla weyn,,,275.0,,,,870.0,8.05,,
2016-01-01,Xarardheere,2.25,,,,,,,250.0,,
2016-01-01,Xudur,150.0,,150.0,,,,,1.56,,
2016-07-01,Adan Yabaal,10.0,,,,,,,10.0,,
2016-07-01,Afgooye,176.0,,5.05,,,,200.0,1.25,,
2016-07-01,Afmadow,,,20.0,,,,12.0,,,
2016-07-01,Baardheere,16.0,,1.022,1.82,,,50.0,750.0,520.0,
2016-07-01,Badhaadhe,,,15.0,,,,,,,
2016-07-01,Balcad,120.0,,2.625,,,,200.0,300.0,,
2016-07-01,Baraawe,45.0,,430.0,,,,7.0,,,
2016-07-01,Baydhaba,1.14,400.0,2.1,,,,522.0,2.675,,
2016-07-01,Belet Weyne,,,400.0,1.82,20.0,,28.0,135.0,240.0,1.6
2016-07-01,Belet Xaawo,2.0,,61.0,65.0,,,,14.0,520.0,
2016-07-01,Borama,,,1.02,,,,,7.5,,
2016-07-01,Bu'aale,110.0,,700.0,,,,740.0,200.0,,
2016-07-01,Bulo Burto,,,455.0,1.12,6.0,,18.0,583.0,90.0,400.0
2016-07-01,Burco,,,,,,,,60.0,,
2016-07-01,Buur Hakaba,485.0,,72.0,,,,64.0,3.5,,
2016-07-01,Cadale,10.0,,,,,,,13.0,,
2016-07-01,Ceel Bur,,,,,,,,,,
2016-07-01,Ceel Dheer,,,,,,,,,,
2016-07-01,Diinsoor,660.0,312.0,2.37,,,,300.0,2.506,,
2016-07-01,Doolow,12.0,,639.0,910.0,,,,8.0,300.0,
2016-07-01,El berde,,,,,,,,,,
2016-07-01,Garbaharey/Burdhuubo,9.0,,460.0,650.0,,,,75.0,390.0,
2016-07-01,Gebiley,,,1.2,,,,,20.8,,
2016-07-01,Hagar,,,,,,,,10.0,,
2016-07-01,Hargeysa,,,600.0,,,,,5.2,,
2016-07-01,Hobyo,,,,,,,,,,
2016-07-01,Jalalaqsi,,,410.0,750.0,4.0,,113.0,125.0,60.0,200.0
2016-07-01,Jamaame,150.0,,1690.0,,,,170.0,,,
2016-07-01,Jilib,180.0,,1.25,,,,810.0,,,
2016-07-01,Jowhar,140.0,,3.15,,,1.0,250.0,2.75,,
2016-07-01,Kismaayo,,,170.0,,,,,,,
2016-07-01,Kurtunwaarey,130.0,,132.33,,,,175.0,,,
2016-07-01,Luuq,12.0,,918.0,1.69,,,,45.0,520.0,
2016-07-01,Marka,240.0,,7.35,,,,60.0,,,
2016-07-01,Owdweyne,,,75.0,,,,,910.0,,
2016-07-01,Qansax Dheere,662.0,288.0,714.0,,,,270.0,3.236,,
2016-07-01,Qoryooley,103.0,,4.37,,,,129.0,2.5,,
2016-07-01,Rab Dhuure,12.0,,15.0,,,,,91.0,,
2016-07-01,Saakow,190.0,,650.0,,,,770.0,1.1,,
2016-07-01,Sablaale,80.0,,1.973,,,,80.0,,,
2016-07-01,Sheikh,,,,,,,,150.0,,
2016-07-01,Tayeeglow,33.0,,18.0,,,,,360.0,,
2016-07-01,Waajid,24.0,,30.0,,,,,210.0,,
2016-07-01,Wanla weyn,105.0,,,,,,200.0,5.5,,
2016-07-01,Xarardheere,,,,,,,,,,
2016-07-01,Xudur,30.0,,40.0,,,,,315.0,,
2017-01-01,Adan Yabaal,,,,,,,,,,
2017-01-01,Afgooye,575.0,,3.74,,,,400.0,1.72,,
2017-01-01,Afmadow,3.0,,39.0,,,,5.0,,,
2017-01-01,Baardheere,22.0,,510.0,1.235,,,40.0,1.2,450.0,
2017-01-01,Badhaadhe,,,12.0,,,,,,,
2017-01-01,Balcad,120.0,,2.4,,,,100.0,150.0,,
2017-01-01,Baraawe,,,,,,,,,,
2017-01-01,Baydhaba,128.0,80.0,120.0,,,,180.0,1.5,,
2017-01-01,Belet Weyne,,,150.0,3.5,30.0,,,180.0,280.0,1.3
2017-01-01,Belet Xaawo,0.0,,35.0,240.0,,,,,825.0,
2017-01-01,Borama,,,,,,,,,,
2017-01-01,Bu'aale,14.0,,270.0,,,,50.0,100.0,,
2017-01-01,Bulo Burto,,,200.0,1.5,10.0,,,315.0,120.0,300.0
2017-01-01,Burco,,,,,,,,,,
2017-01-01,Buur Hakaba,94.0,,30.0,,,,12.0,960.0,,
2017-01-01,Cadale,,,,,,,,,,
2017-01-01,Ceel Bur,75.0,,,,,,,30.0,,
2017-01-01,Ceel Dheer,300.0,,,,,,,60.0,,
2017-01-01,Diinsoor,157.0,20.0,132.0,,,,200.0,1.995,,
2017-01-01,Doolow,6.0,,296.0,1.44,,,,,300.0,
2017-01-01,El berde,,,,,,,,,,
2017-01-01,Garbaharey/Burdhuubo,4.0,,400.0,1.17,,,,,600.0,
2017-01-01,Gebiley,,,,,,,,,,
2017-01-01,Hagar,,,6.0,,,,,8.0,,
2017-01-01,Hargeysa,,,,,,,,,,
2017-01-01,Hobyo,,,,,,,,,,
2017-01-01,Jalalaqsi,,,165.0,775.0,6.0,,,210.0,75.0,200.0
2017-01-01,Jamaame,42.0,,230.0,,,,114.0,,,
2017-01-01,Jilib,16.0,,370.0,,,,60.0,,,
2017-01-01,Jowhar,100.0,,2.1,,,375.0,450.0,,,
2017-01-01,Kismaayo,4.0,,43.0,,,,,,,
2017-01-01,Kurtunwaarey,60.0,,1.104,,,,200.0,,,
2017-01-01,Luuq,30.0,,525.0,1.3,,,,,1.0,
2017-01-01,Marka,204.0,,2.992,,,,540.0,,,
2017-01-01,Owdweyne,,,,,,,,,,
2017-01-01,Qansax Dheere,159.0,30.0,125.0,,,,375.0,2.22,,
2017-01-01,Qoryooley,150.0,,1.3,,,,120.0,,,
2017-01-01,Rab Dhuure,,,,,,,,,,
2017-01-01,Saakow,14.0,,316.0,,,,36.0,200.0,,
2017-01-01,Sablaale,30.0,,120.0,,,,455.0,,,
2017-01-01,Sheikh,,,,,,,,,,
2017-01-01,Tayeeglow,16.0,,,,,,,116.0,,
2017-01-01,Waajid,,,,,,,,,,
2017-01-01,Wanla weyn,300.0,,,,,,700.0,2.856,,
2017-01-01,Xarardheere,100.0,,,,,,,,,
2017-01-01,Xudur,10.0,,,,,,,100.0,,
2017-07-01,Adan Yabaal,,,,,,,,,,
2017-07-01,Afgooye,410.0,,5.725,,,,,960.0,,
2017-07-01,Afmadow,23.0,,241.0,,,,31.0,,,
2017-07-01,Baardheere,32.0,,1.145,1.885,,,75.0,1.2,520.0,
2017-07-01,Badhaadhe,4.0,,51.0,,,,2.0,,,
2017-07-01,Balcad,30.0,,3.6,,,,,,,
2017-07-01,Baraawe,75.0,,840.0,,,,,,,
2017-07-01,Baydhaba,500.0,160.0,2.0,,,,280.0,6.563,,
2017-07-01,Belet Weyne,,,240.0,3.08,50.0,,2.0,537.0,315.0,1.785
2017-07-01,Belet Xaawo,2.0,,68.0,130.0,,,,,650.0,
2017-07-01,Borama,,,,,,,,810.0,,
2017-07-01,Bu'aale,400.0,,2.1,,,,400.0,1.12,,
2017-07-01,Bulo Burto,,,225.0,1.5,22.0,,2.0,700.0,135.0,570.0
2017-07-01,Burco,,,,,,,,50.0,,
2017-07-01,Buur Hakaba,218.0,,30.0,,,,36.0,1.9,,
2017-07-01,Cadale,,,,,,,,,,
2017-07-01,Ceel Bur,,,,,,,,,,
2017-07-01,Ceel Dheer,90.0,,,,,,,15.0,,
2017-07-01,Diinsoor,384.0,216.0,1.32,,,,240.0,8.1,,
2017-07-01,Doolow,8.0,,656.0,975.0,,,,,390.0,
2017-07-01,El berde,,,,,,,,,,
2017-07-01,Garbaharey/Burdhuubo,15.0,,516.0,975.0,,,,30.0,390.0,
2017-07-01,Gebiley,,,60.0,,,,,12.0,,
2017-07-01,Hagar,3.0,,48.0,,,,2.0,162.0,,
2017-07-01,Hargeysa,,,30.0,,,,,2.8,,
2017-07-01,Hobyo,,,,,,,,,,
2017-07-01,Jalalaqsi,,,200.0,620.0,17.0,,13.0,360.0,99.0,400.0
2017-07-01,Jamaame,171.0,,374.782,,,,188.0,,,
2017-07-01,Jilib,520.0,,202.8,,,,600.0,,,
2017-07-01,Jowhar,40.0,,3.822,,,200.0,,,,
2017-07-01,Kismaayo,61.0,,437.0,,,,25.0,,,
2017-07-01,Kurtunwaarey,250.0,,2.25,,,,,,,
2017-07-01,Luuq,14.0,,750.0,1.625,,,,30.0,650.0,
2017-07-01,Marka,330.0,,6.75,,,,,,,
2017-07-01,Owdweyne,,,,,,,,180.0,,
2017-07-01,Qansax Dheere,244.0,130.0,600.0,,,,144.0,2.175,,
2017-07-01,Qoryooley,165.0,,380.76,,,,,200.0,,
2017-07-01,Rab Dhuure,12.0,,,,,,,36.0,,
2017-07-01,Saakow,200.0,,1.4,,,,200.0,1.84,,
2017-07-01,Sablaale,130.0,,960.0,,,,,,,
2017-07-01,Sheikh,,,,,,,,20.0,,
2017-07-01,Tayeeglow,33.0,,18.0,,,,,336.0,,
2017-07-01,Waajid,24.0,,12.0,,,,,120.0,,
2017-07-01,Wanla weyn,60.0,,,,,,,3.81,,
2017-07-01,Xarardheere,80.0,,,,,,,11.0,,
2017-07-01,Xudur,30.0,,50.0,,,,,350.0,,
2018-01-01,Adan Yabaal,60.0,,,,,,,60.0,,
2018-01-01,Afgooye,1520.0,,2.4,,,,691.1,4.8,,
2018-01-01,Afmadow,24.0,,35.0,,,,13.0,,,
2018-01-01,Baardheere,28.0,,849.0,1.2,,,90.0,1.68,600.0,
2018-01-01,Badhaadhe,1.0,,4.0,,,,1.0,,,
2018-01-01,Balcad,360.0,,3.5,,,,500.0,1.225,,
2018-01-01,Baraawe,60.0,,,,,,,,,
2018-01-01,Baydhaba,213.0,300.0,200.0,,,,250.0,10.0,,
2018-01-01,Belet Weyne,,,200.0,3.78,40.0,,2.0,760.0,315.0,1.26
2018-01-01,Belet Xaawo,0.0,,47.0,180.0,,,,30.0,600.0,
2018-01-01,Borama,,,,,,,,,,
2018-01-01,Bu'aale,378.0,,1.35,,,,800.0,200.0,,
2018-01-01,Bulo Burto,,,378.0,1.8,14.0,,10.0,281.012,135.0,333.0
2018-01-01,Burco,,,,,,,,,,
2018-01-01,Buur Hakaba,125.0,,40.0,,,,12.0,5.04,,
2018-01-01,Cadale,12.0,,,,,,,30.0,,
2018-01-01,Ceel Bur,960.0,,,,,,,168.0,,
2018-01-01,Ceel Dheer,1.56,,,,,,,240.0,,
2018-01-01,Diinsoor,199.0,48.0,80.0,,,,200.0,5.32,,
2018-01-01,Doolow,6.0,,660.0,1.2,,,,30.0,300.0,
2018-01-01,El berde,,,,,,,,,,
2018-01-01,Garbaharey/Burdhuubo,10.0,,615.0,1.08,,,,40.0,600.0,
2018-01-01,Gebiley,,,,,,,,,,
2018-01-01,Hagar,1.0,,30.0,,,,1.0,90.0,,
2018-01-01,Hargeysa,,,,,,,,,,
2018-01-01,Hobyo,300.0,,,,,,,72.0,,
2018-01-01,Jalalaqsi,,,240.0,930.0,8.0,,20.0,785.0,66.0,250.0
2018-01-01,Jamaame,313.0,,586.0,,,,165.0,,,
2018-01-01,Jilib,488.0,,62.21,,,,1.2,,,
2018-01-01,Jowhar,450.0,,4.2,,,2.0,500.0,1.925,,
2018-01-01,Kismaayo,102.0,,161.0,,,,54.0,,,
2018-01-01,Kurtunwaarey,112.0,,1.5,,,,1.3,,,
2018-01-01,Luuq,18.0,,630.0,1.04,,,,100.0,800.0,
2018-01-01,Marka,151.4,,6.3,,,,1.335,500.0,,
2018-01-01,Owdweyne,,,,,,,,,,
2018-01-01,Qansax Dheere,196.0,38.0,156.0,,,,300.0,6.0,,
2018-01-01,Qoryooley,350.0,,2.1,,,,613.0,600.0,,
2018-01-01,Rab Dhuure,16.0,,10.0,,,,,150.0,,
2018-01-01,Saakow,420.0,,1.32,,,,400.0,400.0,,
2018-01-01,Sablaale,100.0,,250.0,,,,30.0,,,
2018-01-01,Sheikh,,,,,,,,,,
2018-01-01,Tayeeglow,60.0,,45.0,,,,,560.0,,
2018-01-01,Waajid,15.0,,5.0,,,,,140.0,,
2018-01-01,Wanla weyn,600.0,,,,,,850.0,6.5,,
2018-01-01,Xarardheere,1.32,,,,,,,240.0,,
2018-01-01,Xudur,50.0,,23.0,,,,,500.0,,
2018-07-01,Adan Yabaal,90.0,,,,,,,38.0,,
2018-07-01,Afgooye,1240.0,,8.25,,,,448.0,9.8,,
2018-07-01,Afmadow,33.0,,552.0,,,,32.0,,,
2018-07-01,Baardheere,19.0,,375.0,210.0,,,168.0,2.85,195.0,
2018-07-01,Badhaadhe,40.0,,600.0,,,,2.0,,,
2018-07-01,Balcad,328.0,,3.44,,,,740.0,2.4,,
2018-07-01,Baraawe,140.0,,2.72,,,,80.0,,,
2018-07-01,Baydhaba,1.575,1.2,5.15,,,,1.06,10.125,,
2018-07-01,Belet Weyne,,,200.0,2.1,30.0,,180.0,630.0,350.0,1.26
2018-07-01,Belet Xaawo,8.0,,11.0,60.0,,,,60.0,130.0,
2018-07-01,Borama,,,,,,,,2.0,,
2018-07-01,Bu'aale,180.0,,1280.0,,,,1000.0,720.0,,
2018-07-01,Bulo Burto,,,433.0,1.2,15.0,,175.0,1230.0,150.0,475.0
2018-07-01,Burco,,,,,,,,500.0,,
2018-07-01,Buur Hakaba,705.0,520.0,160.0,,,,120.0,8.28,,
2018-07-01,Cadale,60.0,,,,,,,25.0,,
2018-07-01,Ceel Bur,700.0,,,,,,,25.0,,
2018-07-01,Ceel Dheer,700.0,,,,,,,28.0,,
2018-07-01,Diinsoor,893.0,560.0,2.2,,,,528.0,9.0,,
2018-07-01,Doolow,9.0,,322.0,240.0,,,,48.0,130.0,
2018-07-01,El berde,,,,,,,,,,
2018-07-01,Garbaharey/Burdhuubo,10.0,,348.0,390.0,,,,125.0,65.0,
2018-07-01,Gebiley,,,400.0,,,,,6.2,,
2018-07-01,Hagar,16.0,,144.0,,,,2.0,150.0,,
2018-07-01,Hargeysa,,,40.0,,,,,150.0,,
2018-07-01,Hobyo,150.0,,,,,,,15.0,,
2018-07-01,Jalalaqsi,,,438.0,620.0,12.0,,358.0,1085.0,132.0,200.0
2018-07-01,Jamaame,398.0,,3.54,,,,328.0,,,
2018-07-01,Jilib,290.0,,1600.0,,,,900.0,,,
2018-07-01,Jowhar,405.0,,5.19,,,200.0,841.12,3.5,,
2018-07-01,Kismaayo,78.0,,618.0,,,,76.0,,,
2018-07-01,Kurtunwaarey,626.0,,12.68,,,,61.08,,,
2018-07-01,Luuq,17.0,,401.0,325.0,,,,92.0,130.0,
2018-07-01,Marka,855.0,,358.58,,,,350.0,900.0,,
2018-07-01,Owdweyne,,,,,,,,1.5,,
2018-07-01,Qansax Dheere,858.0,,2.0,,,,480.0,8.1,,
2018-07-01,Qoryooley,586.0,,9.92,,,,310.0,900.0,,
2018-07-01,Rab Dhuure,8.0,,14.0,,,,,150.0,,
2018-07-01,Saakow,520.0,,641.44,,,,1200.0,2.1,,
2018-07-01,Sablaale,175.0,,2.21,,,,180.0,,,
2018-07-01,Sheikh,,,,,,,,250.0,,
2018-07-01,Tayeeglow,24.0,,42.0,,,,,576.0,,
2018-07-01,Waajid,12.0,,30.0,,,,,315.0,,
2018-07-01,Wanla weyn,750.0,,980.0,,,,575.0,9.6,,
2018-07-01,Xarardheere,400.0,,,,,,,20.0,,
2018-07-01,Xudur,24.0,,60.0,,,,,616.0,,
2019-01-01,Adan Yabaal,30.0,,,,,,,23.0,,
2019-01-01,Afgooye,1480.0,,3.15,,,,3.35,6.075,,
2019-01-01,Afmadow,26.0,,94.0,,,,71.0,,,
2019-01-01,Baardheere,38.0,,900.0,1.33,,,108.0,2.6,750.0,
2019-01-01,Badhaadhe,10.0,,24.0,,,,4.0,,,
2019-01-01,Balcad,300.0,,3.615,,,,535.0,1.4,,
2019-01-01,Baraawe,12.0,,120.0,,,,20.0,,,
2019-01-01,Baydhaba,213.0,300.0,80.0,,,,250.0,6.3,,
2019-01-01,Belet Weyne,,,100.0,3.92,50.0,,2.0,1.08,350.0,840.0
2019-01-01,Belet Xaawo,5.0,,117.0,325.0,,,,56.0,240.0,
2019-01-01,Borama,,,,,,,,,,
2019-01-01,Bu'aale,144.0,,755.0,,,,472.0,320.0,,
2019-01-01,Bulo Burto,,,216.0,1.95,16.0,,5.0,106.056,165.0,285.0
2019-01-01,Burco,,,,,,,,,,
2019-01-01,Buur Hakaba,125.0,,20.0,,,,12.0,3.6,,
2019-01-01,Cadale,29.0,,,,,,,24.0,,
2019-01-01,Ceel Bur,1.14,,,,,,,700.0,,
2019-01-01,Ceel Dheer,1.8,,,,,,,1.225,,
2019-01-01,Diinsoor,199.0,38.0,210.0,,,,200.0,6.525,,
2019-01-01,Doolow,20.0,,690.0,1.82,,,,60.0,675.0,
2019-01-01,El berde,,,,,,,,,,
2019-01-01,Garbaharey/Burdhuubo,22.0,,695.0,1.33,,,,140.0,750.0,
2019-01-01,Gebiley,,,,,,,,,,
2019-01-01,Hagar,8.0,,68.0,,,,2.0,144.0,,
2019-01-01,Hargeysa,,,,,,,,,,
2019-01-01,Hobyo,2.0,,,,,,,490.0,,
2019-01-01,Jalalaqsi,,,180.0,1.085,10.0,,10.0,731.0,83.0,200.0
2019-01-01,Jamaame,304.0,,919.0,,,,644.0,,,
2019-01-01,Jilib,143.0,,13.225,,,,377.0,,,
2019-01-01,Jowhar,480.0,,4.98,,,3.0,701.355,1.08,,
2019-01-01,Kismaayo,109.0,,180.0,,,,170.0,,,
2019-01-01,Kurtunwaarey,300.0,,1.5,,,,3.9,,,
2019-01-01,Luuq,30.0,,765.0,1.3,,,,240.0,1.04,
2019-01-01,Marka,460.0,,5.4,,,,2.92,,,
2019-01-01,Owdweyne,,,,,,,,,,
2019-01-01,Qansax Dheere,196.0,48.0,300.0,,,,300.0,7.85,,
2019-01-01,Qoryooley,220.0,,750.0,,,,894.0,860.0,,
2019-01-01,Rab Dhuure,8.0,,10.0,,,,,100.0,,
2019-01-01,Saakow,152.0,,470.0,,,,740.0,1.4,,
2019-01-01,Sablaale,36.0,,500.0,,,,575.0,,,
2019-01-01,Sheikh,,,,,,,,,,
2019-01-01,Tayeeglow,60.0,,80.0,,,,,1.225,,
2019-01-01,Waajid,10.0,,3.0,,,,,100.0,,
2019-01-01,Wanla weyn,525.0,,,,,,660.0,4.8,,
2019-01-01,Xarardheere,700.0,,,,,,,960.0,,
2019-01-01,Xudur,50.0,,30.0,,,,,525.0,,
2019-07-01,Adan Yabaal,,,,,,,,30.0,,
2019-07-01,Afgooye,266.0,,5.5,,,,360.0,900.0,,
2019-07-01,Afmadow,16.0,,136.0,,,,8.0,,,
2019-07-01,Baardheere,18.0,,1500.0,4.2,,,,,1440.0,
2019-07-01,Badhaadhe,8.0,,36.0,,,,2.0,,,
2019-07-01,Balcad,106.0,,4.46,,,,460.0,200.0,,
2019-07-01,Baraawe,32.0,,1112.0,,,,34.0,,,
2019-07-01,Baydhaba,300.0,300.0,900.0,,,,180.0,3.75,,
2019-07-01,Belet Weyne,,,140.0,8.4,120.0,,408.0,1370.0,980.0,1890.0
2019-07-01,Belet Xaawo,8.0,,70.0,390.0,,,,,1260.0,
2019-07-01,Borama,,,80.0,,,,,13.5,,
2019-07-01,Bu'aale,64.0,,1016.0,,,,80.0,200.0,,
2019-07-01,Bulo Burto,,,370.0,4.5,32.0,,370.0,1651.0,390.0,760.0
2019-07-01,Burco,,,30.0,,,,,3.2,,
2019-07-01,Buur Hakaba,72.0,,22.0,,,,,2.4,,
2019-07-01,Cadale,,,,,,,,16.0,,
2019-07-01,Ceel Bur,170.0,,,,,,,,,
2019-07-01,Ceel Dheer,240.0,,,,,,,,,
2019-07-01,Diinsoor,240.0,72.0,320.0,,,,216.0,5.7,,
2019-07-01,Doolow,28.0,,800.0,1500.0,,,,,1080.0,
2019-07-01,El berde,,,,,,,,,,
2019-07-01,Garbaharey/Burdhuubo,20.0,,800.0,2.08,,,,,850.0,
2019-07-01,Gebiley,,,40.0,,,,,36.0,,
2019-07-01,Hagar,16.0,,24.0,,,,4.0,120.0,,
2019-07-01,Hargeysa,,,20.0,,,,,5.6,,
2019-07-01,Hobyo,60.0,,,,,,,,,
2019-07-01,Jalalaqsi,,,250.0,2.48,20.0,,726.0,700.0,232.0,500.0
2019-07-01,Jamaame,120.0,,936.0,,,,74.0,,,
2019-07-01,Jilib,56.0,,1520.0,,,,77.0,,,
2019-07-01,Jowhar,134.0,,4.5,,,3.6,1340.0,,,
2019-07-01,Kismaayo,54.0,,284.0,,,,14.0,,,
2019-07-01,Kurtunwaarey,190.0,,245.99,,,,740.0,,,
2019-07-01,Luuq,20.0,,1020.0,2.8,,,,,1530.0,
2019-07-01,Marka,400.0,,3.8,,,,400.0,,,
2019-07-01,Owdweyne,,,60.0,,,,,8.0,,
2019-07-01,Qansax Dheere,280.0,120.0,450.0,,,,180.0,5.4,,
2019-07-01,Qoryooley,240.0,,3.6,,,,50.0,120.0,,
2019-07-01,Rab Dhuure,4.0,,,,,,,14.0,,
2019-07-01,Saakow,62.0,,856.0,,,,80.0,320.0,,
2019-07-01,Sablaale,148.0,,3.8,,,,210.0,,,
2019-07-01,Sheikh,,,30.0,,,,,960.0,,
2019-07-01,Tayeeglow,12.0,,14.0,,,,,220.0,,
2019-07-01,Waajid,4.0,,,,,,,10.0,,
2019-07-01,Wanla weyn,3.12,,,,,,174.0,9.6,,
2019-07-01,Xarardheere,240.0,,,,,,,,,
2019-07-01,Xudur,20.0,,16.0,,,,,352.0,,
2020-01-01,Adan Yabaal,160.0,,,,,,,140.0,,
2020-01-01,Afgooye,929.0,,4.98,,,,1501.5,13.8,,
2020-01-01,Afmadow,,,696.0,,,,,,,
2020-01-01,Baardheere,80.0,,1510.0,1680.0,,,420.0,5.2,1360.0,
2020-01-01,Badhaadhe,,,896.0,,,,,,,
2020-01-01,Balcad,220.0,,2.8,,,,880.0,2.8,,
2020-01-01,Baraawe,120.0,,2.34,,,,620.0,,,
2020-01-01,Baydhaba,2.31,1600.0,3.2,,,,1920.0,20.8,,
2020-01-01,Belet Weyne,6.0,,,,,,496.0,960.0,,
2020-01-01,Belet Xaawo,24.0,,174.0,260.0,,,,168.0,360.0,
2020-01-01,Borama,,,,,,,,,,
2020-01-01,Bu'aale,720.0,,,,,,121.12,2.4,,
2020-01-01,Bulo Burto,54.0,,986.0,1500.0,16.0,,466.0,633.1919999999999,120.0,570.0
2020-01-01,Burco,,,,,,,,,,
2020-01-01,Buur Hakaba,960.0,,2.0,,,,256.0,17.7,,
2020-01-01,Cadale,140.0,,,,,,,112.0,,
2020-01-01,Ceel Bur,1200.0,,,,,,,900.0,,
2020-01-01,Ceel Dheer,2.88,,,,,,,1740.0,,
2020-01-01,Diinsoor,1200.0,750.0,1140.0,,,,432.0,19.2,,
2020-01-01,Doolow,44.0,,1040.0,2.52,,,,72.0,1050.0,
2020-01-01,El berde,,,,,,,,,,
2020-01-01,Garbaharey/Burdhuubo,48.0,,1200.0,1680.0,,,,240.0,1200.0,
2020-01-01,Gebiley,,,,,,,,,,
2020-01-01,Hagar,,,400.0,,,,,1302.0,,
2020-01-01,Hargeysa,,,,,,,,,,
2020-01-01,Hobyo,200.0,,,,,,,480.0,,
2020-01-01,Jalalaqsi,44.0,,780.0,466.0,12.0,,410.0,1916.915,66.0,400.0
2020-01-01,Jamaame,,,559.436,,,,,,,
2020-01-01,Jilib,860.0,,642.04,,,,522.02,,,
2020-01-01,Jowhar,80.0,,2.0,,,3.6,1316.315,3.61,,
2020-01-01,Kismaayo,,,1252.0,,,,,,,
2020-01-01,Kurtunwaarey,144.0,,246.4,,,,302.899,,,
2020-01-01,Luuq,64.0,,1260.0,1560.0,,,,480.0,1280.0,
2020-01-01,Marka,120.0,,5.64,,,,2.42,,,
2020-01-01,Owdweyne,,,,,,,,,,
2020-01-01,Qansax Dheere,1120.0,960.0,2.56,,,,450.0,15.95,,
2020-01-01,Qoryooley,490.0,,9.84,,,,820.0,6.576,,
2020-01-01,Rab Dhuure,110.0,,26.0,,,,,1530.0,,
2020-01-01,Saakow,580.0,,,,,,161.06,6.0,,
2020-01-01,Sablaale,90.0,,4.608,,,,700.0,,,
2020-01-01,Sheikh,,,,,,,,,,
2020-01-01,Tayeeglow,374.0,,90.0,,,,,3.412,,
2020-01-01,Waajid,130.0,,48.0,,,,,1480.0,,
2020-01-01,Wanla weyn,640.0,,,,,,1276.0,16.824,,
2020-01-01,Xarardheere,2.28,,,,,,,1320.0,,
2020-01-01,Xudur,212.0,,78.0,,,,,2.52,,
2020-07-01,Adan Yabaal,40.0,,,,,,,120.0,,
2020-07-01,Afgooye,492.0,,11.120000000000001,,,,450.0,1040.0,,
2020-07-01,Afmadow,52.0,,544.0,,,,166.0,,,
2020-07-01,Baardheere,20.0,,1320.0,5.6,,,40.0,1560.0,1500.0,
2020-07-01,Badhaadhe,76.0,,700.0,,,,6.0,,,
2020-07-01,Balcad,130.0,,4.96,,,,4.0,24.0,,
2020-07-01,Baraawe,200.0,,6.72,,,,690.0,,,
2020-07-01,Baydhaba,526.0,1200.0,7.2,,,,1050.0,10.8,,
2020-07-01,Belet Weyne,4.0,,72.0,2.03,50.0,,,320.0,210.0,1540.0
2020-07-01,Belet Xaawo,8.0,,54.0,840.0,,,,32.0,1200.0,
2020-07-01,Borama,,,770.0,,,,,7.94,,
2020-07-01,Bu'aale,360.0,,2.8,,,,1080.0,600.0,,
2020-07-01,Bulo Burto,14.0,,100.0,1500.0,16.0,,,298.0,120.0,570.0
2020-07-01,Burco,,,,,,,,,,
2020-07-01,Buur Hakaba,154.0,,250.0,,,,120.0,9.6,,
2020-07-01,Cadale,120.0,,,,,,,40.0,,
2020-07-01,Ceel Bur,100.0,,,,,,,,,
2020-07-01,Ceel Dheer,,,,,,,,,,
2020-07-01,Diinsoor,346.0,390.0,5.6,,,,586.0,7.08,,
2020-07-01,Doolow,24.0,,818.0,5.32,,,,60.0,960.0,
2020-07-01,El berde,,,,,,,,,,
2020-07-01,Garbaharey/Burdhuubo,18.0,,1008.0,2.8,,,,150.0,900.0,
2020-07-01,Gebiley,,,2.5,,,,,20.4,,
2020-07-01,Hagar,100.0,,70.0,,,,4.0,240.0,,
2020-07-01,Hargeysa,,,300.0,,,,,2.0,,
2020-07-01,Hobyo,,,,,,,,,,
2020-07-01,Jalalaqsi,8.0,,50.0,466.0,14.0,,,170.0,66.0,400.0
2020-07-01,Jamaame,310.0,,1386.385,,,,356.0,,,
2020-07-01,Jilib,480.0,,4.8,,,,1080.0,,,
2020-07-01,Jowhar,146.0,,5.8,,,,52.0,40.0,,
2020-07-01,Kismaayo,136.0,,1086.0,,,,128.0,,,
2020-07-01,Kurtunwaarey,160.0,,11.8,,,,520.0,,,
2020-07-01,Luuq,20.0,,1260.0,5.04,,,,200.0,960.0,
2020-07-01,Marka,280.0,,7.2,,,,,,,
2020-07-01,Owdweyne,,,,,,,,200.0,,
2020-07-01,Qansax Dheere,420.0,560.0,5.2,,,,630.0,5.4,,
2020-07-01,Qoryooley,280.0,,8.12,,,,,560.0,,
2020-07-01,Rab Dhuure,,,12.0,,,,,52.0,,
2020-07-01,Saakow,180.0,,1600.0,,,,720.0,1400.0,,
2020-07-01,Sablaale,120.0,,7.2,,,,,,,
2020-07-01,Sheikh,,,,,,,,,,
2020-07-01,Tayeeglow,12.0,,48.0,,,,,264.0,,
2020-07-01,Waajid,,,14.0,,,,,120.0,,
2020-07-01,Wanla weyn,480.0,,90.0,,,,810.0,5.44,,
2020-07-01,Xarardheere,140.0,,,,,,,,,
2020-07-01,Xudur,20.0,,46.0,,,,,246.0,,
2021-01-01,Adan Yabaal,,,,,,,,,,
2021-01-01,Afgooye,1576.0,,3.65,,,,544.14,12.35,,
2021-01-01,Afmadow,34.0,,438.0,,,,166.0,,,
2021-01-01,Baardheere,60.0,,986.0,1680.0,,,240.0,1800.0,1280.0,
2021-01-01,Badhaadhe,60.0,,150.0,,,,60.0,,,
2021-01-01,Balcad,282.0,,3.7,,,,1066.065,1080.0,,
2021-01-01,Baraawe,20.0,,560.0,,,,34.0,,,
2021-01-01,Baydhaba,2.476,1600.0,2.45,,,,2.5,22.75,,
2021-01-01,Belet Weyne,4.0,,80.0,2.25,40.0,,48.0,480.0,180.0,1710.0
2021-01-01,Belet Xaawo,4.0,,6.0,,,,,,360.0,
2021-01-01,Borama,,,,,,,,,,
2021-01-01,Bu'aale,560.0,,800.0,,,,1200.0,570.0,,
2021-01-01,Bulo Burto,10.0,,450.0,1350.0,28.0,,16.0,1476.0,150.0,736.0
2021-01-01,Burco,,,,,,,,,,
2021-01-01,Buur Hakaba,1000.0,,1200.0,,,,256.0,13.66,,
2021-01-01,Cadale,60.0,,,,,,,60.0,,
2021-01-01,Ceel Bur,50.0,,,,,,,20.0,,
2021-01-01,Ceel Dheer,106.0,,,,,,,60.0,,
2021-01-01,Diinsoor,1344.0,750.0,1050.0,,,,1200.0,15.186,,
2021-01-01,Doolow,16.0,,490.0,1120.0,,,,,240.0,
2021-01-01,El berde,,,,,,,,,,
2021-01-01,Garbaharey/Burdhuubo,16.0,,648.0,2.24,,,,,1200.0,
2021-01-01,Gebiley,,,,,,,,,,
2021-01-01,Hagar,10.0,,8.0,,,,4.0,40.0,,
2021-01-01,Hargeysa,,,,,,,,,,
2021-01-01,Hobyo,30.0,,,,,,,20.0,,
2021-01-01,Jalalaqsi,8.0,,300.0,930.0,12.0,,26.0,910.0,166.0,550.0
2021-01-01,Jamaame,826.0,,1194.193,,,,1876.0,,,
2021-01-01,Jilib,320.0,,1000.0,,,,1400.0,,,
2021-01-01,Jowhar,336.0,,2.4,,,4.8,9.42,1792.0,,
2021-01-01,Kismaayo,66.0,,406.0,,,,47.0,,,
2021-01-01,Kurtunwaarey,960.0,,1011.01,,,,7.2,,,
2021-01-01,Luuq,24.0,,620.0,1560.0,,,,,1600.0,
2021-01-01,Marka,680.0,,8.1,,,,3.6,,,
2021-01-01,Owdweyne,,,,,,,,,,
2021-01-01,Qansax Dheere,1650.0,850.0,2.5,,,,1400.0,13.68,,
2021-01-01,Qoryooley,320.0,,4.956,,,,644.0,150.0,,
2021-01-01,Rab Dhuure,88.0,,6.0,,,,,466.0,,
2021-01-01,Saakow,800.0,,600.0,,,,1200.0,1710.0,,
2021-01-01,Sablaale,90.0,,1600.0,,,,1500.0,,,
2021-01-01,Sheikh,,,,,,,,,,
2021-01-01,Tayeeglow,412.0,,100.0,,,,,3.396,,
2021-01-01,Waajid,104.0,,20.0,,,,,728.0,,
2021-01-01,Wanla weyn,480.0,,600.0,,,,1920.0,17.1,,
2021-01-01,Xarardheere,70.0,,,,,,,80.0,,
2021-01-01,Xudur,212.0,,40.0,,,,,2.038,,
2021-07-01,Adan Yabaal,,,,,,,,,,
2021-07-01,Afgooye,660.0,,855.17,,,,160.0,,,
2021-07-01,Afmadow,20.0,,156.0,,,,42.0,,,
2021-07-01,Baardheere,28.0,,1310.0,3.6,,,60.0,600.0,2.2,
2021-07-01,Badhaadhe,60.0,,280.0,,,,6.0,,,
2021-07-01,Balcad,360.0,,8.2,,,,1184.0,80.0,,
2021-07-01,Baraawe,60.0,,400.0,,,,90.0,,,
2021-07-01,Baydhaba,300.0,300.0,700.0,,,,180.0,6.5,,
2021-07-01,Belet Weyne,4.0,,320.0,4.5,60.0,,1032.0,796.0,240.0,1900.0
2021-07-01,Belet Xaawo,8.0,,50.0,1200.0,,,,,1200.0,
2021-07-01,Borama,,,800.0,,,,,7.28,,
2021-07-01,Bu'aale,84.0,,232.0,,,,156.0,40.0,,
2021-07-01,Bulo Burto,28.0,,1030.0,2.4,28.0,,276.0,1792.0,180.0,840.0
2021-07-01,Burco,,,,,,,,,,
2021-07-01,Buur Hakaba,72.0,,60.0,,,,,4.8,,
2021-07-01,Cadale,,,,,,,,,,
2021-07-01,Ceel Bur,,,,,,,,,,
2021-07-01,Ceel Dheer,26.0,,,,,,,,,
2021-07-01,Diinsoor,240.0,72.0,360.0,,,,216.0,5.13,,
2021-07-01,Doolow,60.0,,750.0,3.6,,,,,1200.0,
2021-07-01,El berde,,,,,,,,,,
2021-07-01,Garbaharey/Burdhuubo,24.0,,970.0,3.3,,,,,2.08,
2021-07-01,Gebiley,,,1800.0,,,,,16.9,,
2021-07-01,Hagar,80.0,,36.0,,,,,192.0,,
2021-07-01,Hargeysa,,,160.0,,,,,2.1,,
2021-07-01,Hobyo,56.0,,,,,,,,,
2021-07-01,Jalalaqsi,26.0,,820.0,1396.0,20.0,,390.0,1674.0,166.0,550.0
2021-07-01,Jamaame,426.0,,107.44500000000001,,,,82.0,,,
2021-07-01,Jilib,64.0,,292.0,,,,144.0,,,
2021-07-01,Jowhar,320.0,,10.2,,,480.0,1560.0,400.0,,
2021-07-01,Kismaayo,62.0,,346.0,,,,70.0,,,
2021-07-01,Kurtunwaarey,306.0,,705.7,,,,196.0,,,
2021-07-01,Luuq,40.0,,800.0,2.4,,,,80.0,2.0,
2021-07-01,Marka,520.0,,6.24,,,,280.0,,,
2021-07-01,Owdweyne,,,,,,,,,,
2021-07-01,Qansax Dheere,280.0,120.0,880.0,,,,180.0,8.64,,
2021-07-01,Qoryooley,500.0,,253.97000000000003,,,,80.0,,,
2021-07-01,Rab Dhuure,,,,,,,,14.0,,
2021-07-01,Saakow,80.0,,280.0,,,,176.0,120.0,,
2021-07-01,Sablaale,120.0,,2.88,,,,180.0,,,
2021-07-01,Sheikh,,,,,,,,,,
2021-07-01,Tayeeglow,12.0,,14.0,,,,,220.0,,
2021-07-01,Waajid,,,,,,,,10.0,,
2021-07-01,Wanla weyn,,,3.54,,,,330.0,5.0,,
2021-07-01,Xarardheere,,,,,,,,,,
2021-07-01,Xudur,20.0,,16.0,,,,,308.0,,
